Company Name,Model Name,Mobile Weight,RAM,Front Camera,Back Camera,Processor,Battery Capacity,Screen Size,Launched Price (Pakistan),Launched Price (India),Launched Price (China),Launched Price (USA),Launched Price (Dubai),Launched Year,Price in INR (Pakistan),Price in INR (China),Price in INR (USA),Price in INR (Dubai)
Apple,iPhone 16 128GB,174.0,6.0,12.0,48.0,A17 Bionic,3600.0,6.1,224999.0,79999.0,5799.0,799.0,2799.0,2024,67499.7,66282.56999999999,66317.0,63257.4
Apple,iPhone 16 256GB,174.0,6.0,12.0,48.0,A17 Bionic,3600.0,6.1,234999.0,84999.0,6099.0,849.0,2999.0,2024,70499.7,69711.56999999999,70467.0,67777.40000000001
Apple,iPhone 16 512GB,174.0,6.0,12.0,48.0,A17 Bionic,3600.0,6.1,244999.0,89999.0,6499.0,899.0,3199.0,2024,73499.7,74283.56999999999,74617.0,72297.40000000001
Apple,iPhone 16 Plus 128GB,203.0,6.0,12.0,48.0,A17 Bionic,4200.0,6.7,249999.0,89999.0,6199.0,899.0,3199.0,2024,74999.7,70854.56999999999,74617.0,72297.40000000001
Apple,iPhone 16 Plus 256GB,203.0,6.0,12.0,48.0,A17 Bionic,4200.0,6.7,259999.0,94999.0,6499.0,949.0,3399.0,2024,77999.7,74283.56999999999,78767.0,76817.40000000001
Apple,iPhone 16 Plus 512GB,203.0,6.0,12.0,48.0,A17 Bionic,4200.0,6.7,274999.0,104999.0,6999.0,999.0,3599.0,2024,82499.7,79998.56999999999,82917.0,81337.40000000001
Apple,iPhone 16 Pro 128GB,206.0,6.0,124.0,5012.0,A17 Pro,4400.0,6.1,284999.0,99999.0,6999.0,999.0,3499.0,2024,85499.7,79998.56999999999,82917.0,79077.40000000001
Apple,iPhone 16 Pro 256GB,206.0,8.0,124.0,5012.0,A17 Pro,4400.0,6.1,294999.0,104999.0,7099.0,1049.0,3699.0,2024,88499.7,81141.56999999999,87067.0,83597.40000000001
Apple,iPhone 16 Pro 512GB,206.0,8.0,124.0,5012.0,A17 Pro,4400.0,6.1,314999.0,114999.0,7499.0,1099.0,3899.0,2024,94499.7,85713.56999999999,91217.0,88117.40000000001
Apple,iPhone 16 Pro Max 128GB,221.0,6.0,124.0,4812.0,A17 Pro,4500.0,6.7,314999.0,109999.0,7499.0,1099.0,3799.0,2024,94499.7,85713.56999999999,91217.0,85857.40000000001
Apple,iPhone 16 Pro Max 256GB,221.0,8.0,124.0,4812.0,A17 Pro,4500.0,6.7,324999.0,114999.0,7799.0,1199.0,3999.0,2024,97499.7,89142.56999999999,99517.0,90377.40000000001
Apple,iPhone 16 Pro Max 512GB,221.0,8.0,124.0,4812.0,A17 Pro,4500.0,6.7,344999.0,124999.0,8199.0,1299.0,4199.0,2024,103499.7,93714.56999999999,107817.0,94897.40000000001
Apple,iPhone 15 128GB,171.0,6.0,12.0,48.0,A16 Bionic,3200.0,6.1,204999.0,74999.0,5299.0,799.0,2699.0,2023,61499.7,60567.57,66317.0,60997.4
Apple,iPhone 15 256GB,171.0,6.0,12.0,48.0,A16 Bionic,3200.0,6.1,214999.0,79999.0,5599.0,849.0,2999.0,2023,64499.7,63996.57,70467.0,67777.40000000001
Apple,iPhone 15 512GB,171.0,6.0,12.0,48.0,A16 Bionic,3200.0,6.1,224999.0,89999.0,5999.0,949.0,3199.0,2023,67499.7,68568.56999999999,78767.0,72297.40000000001
Apple,iPhone 15 Plus 128GB,203.0,6.0,12.0,48.0,A16 Bionic,4300.0,6.7,234999.0,84999.0,5699.0,899.0,3199.0,2023,70499.7,65139.57,74617.0,72297.40000000001
Apple,iPhone 15 Plus 256GB,203.0,6.0,12.0,48.0,A16 Bionic,4300.0,6.7,244999.0,94999.0,6199.0,999.0,3399.0,2023,73499.7,70854.56999999999,82917.0,76817.40000000001
Apple,iPhone 15 Plus 512GB,203.0,6.0,12.0,48.0,A16 Bionic,4300.0,6.7,264999.0,104999.0,6799.0,1049.0,3599.0,2023,79499.7,77712.56999999999,87067.0,81337.40000000001
Apple,iPhone 15 Pro 128GB,206.0,6.0,124.0,4812.0,A16 Bionic,4400.0,6.1,274999.0,99999.0,6999.0,1099.0,3599.0,2023,82499.7,79998.56999999999,91217.0,81337.40000000001
Apple,iPhone 15 Pro 256GB,206.0,8.0,124.0,4812.0,A16 Bionic,4400.0,6.1,284999.0,109999.0,7299.0,1199.0,3799.0,2023,85499.7,83427.56999999999,99517.0,85857.40000000001
Apple,iPhone 15 Pro 512GB,206.0,8.0,124.0,4812.0,A16 Bionic,4400.0,6.1,304999.0,119999.0,7799.0,1299.0,4199.0,2023,91499.7,89142.56999999999,107817.0,94897.40000000001
Apple,iPhone 15 Pro Max 128GB,221.0,6.0,124.0,4812.0,A16 Bionic,4500.0,6.7,314999.0,114999.0,7999.0,1199.0,3899.0,2023,94499.7,91428.56999999999,99517.0,88117.40000000001
Apple,iPhone 15 Pro Max 256GB,221.0,8.0,124.0,4812.0,A16 Bionic,4500.0,6.7,324999.0,124999.0,8199.0,1299.0,4199.0,2023,97499.7,93714.56999999999,107817.0,94897.40000000001
Apple,iPhone 15 Pro Max 512GB,221.0,8.0,124.0,4812.0,A16 Bionic,4500.0,6.7,344999.0,134999.0,8699.0,1399.0,4399.0,2023,103499.7,99429.56999999999,116117.0,99417.40000000001
Apple,iPhone 14 128GB,172.0,6.0,12.0,1212.0,A15 Bionic,3200.0,6.1,184999.0,69999.0,5199.0,799.0,2699.0,2022,55499.7,59424.57,66317.0,60997.4
Apple,iPhone 14 256GB,172.0,6.0,12.0,1212.0,A15 Bionic,3200.0,6.1,194999.0,74999.0,5599.0,849.0,2999.0,2022,58499.7,63996.57,70467.0,67777.40000000001
Apple,iPhone 14 512GB,172.0,6.0,12.0,1212.0,A15 Bionic,3200.0,6.1,204999.0,84999.0,5999.0,949.0,3199.0,2022,61499.7,68568.56999999999,78767.0,72297.40000000001
Apple,iPhone 14 Plus 128GB,203.0,6.0,12.0,1212.0,A15 Bionic,4325.0,6.7,204999.0,79999.0,5499.0,899.0,3199.0,2022,61499.7,62853.57,74617.0,72297.40000000001
Apple,iPhone 14 Plus 256GB,203.0,6.0,12.0,1212.0,A15 Bionic,4325.0,6.7,214999.0,84999.0,5899.0,999.0,3399.0,2022,64499.7,67425.56999999999,82917.0,76817.40000000001
Apple,iPhone 14 Plus 512GB,203.0,6.0,12.0,1212.0,A15 Bionic,4325.0,6.7,224999.0,94999.0,6299.0,1049.0,3599.0,2022,67499.7,71997.56999999999,87067.0,81337.40000000001
Apple,iPhone 14 Pro 128GB,206.0,6.0,124.0,4812.0,A16 Bionic,4200.0,6.1,294999.0,109999.0,7199.0,1099.0,3699.0,2022,88499.7,82284.56999999999,91217.0,83597.40000000001
Apple,iPhone 14 Pro 256GB,206.0,8.0,124.0,4812.0,A16 Bionic,4200.0,6.1,304999.0,119999.0,7499.0,1199.0,3899.0,2022,91499.7,85713.56999999999,99517.0,88117.40000000001
Apple,iPhone 14 Pro 512GB,206.0,8.0,124.0,4812.0,A16 Bionic,4200.0,6.1,324999.0,134999.0,7999.0,1299.0,4199.0,2022,97499.7,91428.56999999999,107817.0,94897.40000000001
Apple,iPhone 14 Pro Max 128GB,221.0,6.0,124.0,4812.0,A16 Bionic,4500.0,6.7,324999.0,124999.0,8099.0,1199.0,3999.0,2022,97499.7,92571.56999999999,99517.0,90377.40000000001
Apple,iPhone 14 Pro Max 256GB,221.0,8.0,124.0,4812.0,A16 Bionic,4500.0,6.7,344999.0,134999.0,8499.0,1299.0,4199.0,2022,103499.7,97143.56999999999,107817.0,94897.40000000001
Apple,iPhone 14 Pro Max 512GB,221.0,8.0,124.0,4812.0,A16 Bionic,4500.0,6.7,364999.0,144999.0,8999.0,1399.0,4499.0,2022,109499.7,102858.56999999999,116117.0,101677.40000000001
Apple,iPhone 13 mini 128GB,140.0,4.0,12.0,12.0,A15 Bionic,2438.0,5.4,174999.0,69900.0,5199.0,699.0,2599.0,2021,52499.7,59424.57,58017.0,58737.4
Apple,iPhone 13 mini 256GB,140.0,4.0,12.0,12.0,A15 Bionic,2438.0,5.4,184999.0,74900.0,5599.0,799.0,2999.0,2021,55499.7,63996.57,66317.0,67777.40000000001
Apple,iPhone 13 mini 512GB,140.0,4.0,12.0,12.0,A15 Bionic,2438.0,5.4,194999.0,84900.0,5999.0,899.0,3299.0,2021,58499.7,68568.56999999999,74617.0,74557.40000000001
Apple,iPhone 13 128GB,174.0,4.0,12.0,1212.0,A15 Bionic,3240.0,6.1,194999.0,74900.0,5499.0,799.0,2999.0,2021,58499.7,62853.57,66317.0,67777.40000000001
Apple,iPhone 13 256GB,174.0,4.0,12.0,1212.0,A15 Bionic,3240.0,6.1,204999.0,84900.0,5899.0,899.0,3199.0,2021,61499.7,67425.56999999999,74617.0,72297.40000000001
Apple,iPhone 13 512GB,174.0,4.0,12.0,1212.0,A15 Bionic,3240.0,6.1,224999.0,94900.0,6299.0,999.0,3599.0,2021,67499.7,71997.56999999999,82917.0,81337.40000000001
Apple,iPhone 13 Pro 128GB,204.0,6.0,124.0,121212.0,A15 Bionic,3095.0,6.1,294999.0,119900.0,7299.0,999.0,3999.0,2021,88499.7,83427.56999999999,82917.0,90377.40000000001
Apple,iPhone 13 Pro 256GB,204.0,6.0,124.0,121212.0,A15 Bionic,3095.0,6.1,314999.0,129900.0,7699.0,1099.0,4199.0,2021,94499.7,87999.56999999999,91217.0,94897.40000000001
Apple,iPhone 13 Pro 512GB,204.0,6.0,124.0,121212.0,A15 Bionic,3095.0,6.1,344999.0,139900.0,8199.0,1199.0,4399.0,2021,103499.7,93714.56999999999,99517.0,99417.40000000001
Apple,iPhone 13 Pro Max 128GB,238.0,6.0,124.0,121212.0,A15 Bionic,4352.0,6.7,324999.0,129900.0,8299.0,1099.0,4199.0,2021,97499.7,94857.56999999999,91217.0,94897.40000000001
Apple,iPhone 13 Pro Max 256GB,238.0,6.0,124.0,121212.0,A15 Bionic,4352.0,6.7,354999.0,139900.0,8799.0,1199.0,4399.0,2021,106499.7,100572.56999999999,99517.0,99417.40000000001
Apple,iPhone 13 Pro Max 512GB,238.0,6.0,124.0,121212.0,A15 Bionic,4352.0,6.7,384999.0,149900.0,9199.0,1399.0,4599.0,2021,115499.7,105144.56999999999,116117.0,103937.40000000001
Apple,iPhone 12 mini 64GB,135.0,4.0,12.0,12.0,A14 Bionic,2227.0,5.4,174999.0,69900.0,5199.0,699.0,2599.0,2020,52499.7,59424.57,58017.0,58737.4
Apple,iPhone 12 mini 128GB,135.0,4.0,12.0,12.0,A14 Bionic,2227.0,5.4,184999.0,74900.0,5599.0,799.0,2999.0,2020,55499.7,63996.57,66317.0,67777.40000000001
Apple,iPhone 12 mini 256GB,135.0,4.0,12.0,12.0,A14 Bionic,2227.0,5.4,194999.0,84900.0,5999.0,899.0,3299.0,2020,58499.7,68568.56999999999,74617.0,74557.40000000001
Apple,iPhone 12 64GB,164.0,4.0,12.0,1212.0,A14 Bionic,2815.0,6.1,194999.0,74900.0,5499.0,799.0,2999.0,2020,58499.7,62853.57,66317.0,67777.40000000001
Apple,iPhone 12 128GB,164.0,4.0,12.0,1212.0,A14 Bionic,2815.0,6.1,204999.0,84900.0,5899.0,899.0,3199.0,2020,61499.7,67425.56999999999,74617.0,72297.40000000001
Apple,iPhone 12 256GB,164.0,4.0,12.0,1212.0,A14 Bionic,2815.0,6.1,224999.0,94900.0,6299.0,999.0,3599.0,2020,67499.7,71997.56999999999,82917.0,81337.40000000001
Apple,iPhone 12 Pro 128GB,189.0,6.0,124.0,121212.0,A14 Bionic,2815.0,6.1,314999.0,119900.0,7299.0,999.0,3999.0,2020,94499.7,83427.56999999999,82917.0,90377.40000000001
Apple,iPhone 12 Pro 256GB,189.0,6.0,124.0,121212.0,A14 Bionic,2815.0,6.1,334999.0,129900.0,7699.0,1099.0,4199.0,2020,100499.7,87999.56999999999,91217.0,94897.40000000001
Apple,iPhone 12 Pro 512GB,189.0,6.0,124.0,121212.0,A14 Bionic,2815.0,6.1,354999.0,139900.0,8199.0,1199.0,4399.0,2020,106499.7,93714.56999999999,99517.0,99417.40000000001
Apple,iPhone 12 Pro Max 128GB,228.0,6.0,124.0,121212.0,A14 Bionic,3687.0,6.7,344999.0,129900.0,8399.0,1099.0,4199.0,2020,103499.7,96000.56999999999,91217.0,94897.40000000001
Apple,iPhone 12 Pro Max 256GB,228.0,6.0,124.0,121212.0,A14 Bionic,3687.0,6.7,364999.0,139900.0,8799.0,1199.0,4399.0,2020,109499.7,100572.56999999999,99517.0,99417.40000000001
Apple,iPhone 12 Pro Max 512GB,228.0,6.0,124.0,121212.0,A14 Bionic,3687.0,6.7,384999.0,149900.0,9199.0,1399.0,4599.0,2020,115499.7,105144.56999999999,116117.0,103937.40000000001
Apple,iPhone 11 64GB,194.0,4.0,12.0,1212.0,A13 Bionic,3110.0,6.1,159999.0,64900.0,5499.0,699.0,2499.0,2019,47999.7,62853.57,58017.0,56477.4
Apple,iPhone 11 128GB,194.0,4.0,12.0,1212.0,A13 Bionic,3110.0,6.1,169999.0,74900.0,5899.0,799.0,2999.0,2019,50999.7,67425.56999999999,66317.0,67777.40000000001
Apple,iPhone 11 256GB,194.0,4.0,12.0,1212.0,A13 Bionic,3110.0,6.1,179999.0,84900.0,6299.0,899.0,3299.0,2019,53999.7,71997.56999999999,74617.0,74557.40000000001
Apple,iPhone 11 Pro 64GB,188.0,4.0,124.0,121212.0,A13 Bionic,3046.0,5.8,219999.0,99900.0,6999.0,999.0,3799.0,2019,65999.7,79998.56999999999,82917.0,85857.40000000001
Apple,iPhone 11 Pro 256GB,188.0,4.0,124.0,121212.0,A13 Bionic,3046.0,5.8,239999.0,109900.0,7399.0,1099.0,4199.0,2019,71999.7,84570.56999999999,91217.0,94897.40000000001
Apple,iPhone 11 Pro 512GB,188.0,4.0,124.0,121212.0,A13 Bionic,3046.0,5.8,259999.0,119900.0,7999.0,1199.0,4599.0,2019,77999.7,91428.56999999999,99517.0,103937.40000000001
Apple,iPhone 11 Pro Max 64GB,226.0,4.0,124.0,121212.0,A13 Bionic,3969.0,6.5,269999.0,109900.0,7799.0,1099.0,4399.0,2019,80999.7,89142.56999999999,91217.0,99417.40000000001
Apple,iPhone 11 Pro Max 256GB,226.0,4.0,124.0,121212.0,A13 Bionic,3969.0,6.5,289999.0,119900.0,8199.0,1199.0,4599.0,2019,86999.7,93714.56999999999,99517.0,103937.40000000001
Apple,iPhone 11 Pro Max 512GB,226.0,4.0,124.0,121212.0,A13 Bionic,3969.0,6.5,309999.0,129900.0,8799.0,1399.0,4999.0,2019,92999.7,100572.56999999999,116117.0,112977.40000000001
Apple,iPhone X 64GB,174.0,3.0,7.0,1212.0,A11 Bionic,2716.0,5.8,164999.0,89900.0,8388.0,999.0,3799.0,2017,49499.7,95874.84,82917.0,85857.40000000001
Apple,iPhone X 256GB,174.0,3.0,7.0,1212.0,A11 Bionic,2716.0,5.8,184999.0,99900.0,8788.0,1099.0,4199.0,2017,55499.7,100446.84,91217.0,94897.40000000001
Apple,iPhone XS 64GB,177.0,4.0,7.0,1212.0,A12 Bionic,2658.0,5.8,219999.0,99900.0,9188.0,999.0,3899.0,2018,65999.7,105018.84,82917.0,88117.40000000001
Apple,iPhone XS 256GB,177.0,4.0,7.0,1212.0,A12 Bionic,2658.0,5.8,239999.0,109900.0,9788.0,1099.0,4299.0,2018,71999.7,111876.84,91217.0,97157.40000000001
Apple,iPhone XS 512GB,177.0,4.0,7.0,1212.0,A12 Bionic,2658.0,5.8,259999.0,119900.0,10388.0,1299.0,4799.0,2018,77999.7,118734.84,107817.0,108457.40000000001
Apple,iPhone XS Max 64GB,208.0,4.0,7.0,1212.0,A12 Bionic,3174.0,6.5,249999.0,109900.0,10088.0,1099.0,4399.0,2018,74999.7,115305.84,91217.0,99417.40000000001
Apple,iPhone XS Max 256GB,208.0,4.0,7.0,1212.0,A12 Bionic,3174.0,6.5,269999.0,119900.0,10688.0,1249.0,4799.0,2018,80999.7,122163.84,103667.0,108457.40000000001
Apple,iPhone XS Max 512GB,208.0,4.0,7.0,1212.0,A12 Bionic,3174.0,6.5,289999.0,129900.0,11288.0,1399.0,5099.0,2018,86999.7,129021.84,116117.0,115237.40000000001
Apple,iPhone XR 64GB,194.0,3.0,7.0,1212.0,A12 Bionic,2942.0,6.1,149999.0,64900.0,6299.0,749.0,2699.0,2018,44999.7,71997.56999999999,62167.0,60997.4
Apple,iPhone XR 128GB,194.0,3.0,7.0,1212.0,A12 Bionic,2942.0,6.1,159999.0,74900.0,6799.0,799.0,3099.0,2018,47999.7,77712.56999999999,66317.0,70037.40000000001
Apple,iPhone XR 256GB,194.0,3.0,7.0,1212.0,A12 Bionic,2942.0,6.1,179999.0,84900.0,7299.0,899.0,3399.0,2018,53999.7,83427.56999999999,74617.0,76817.40000000001
Apple,iPad Air 10.9-inch 64GB,458.0,4.0,12.0,12.0,A14 Bionic,7608.0,10.9,79999.0,54900.0,3299.0,599.0,2099.0,2020,23999.7,37707.57,49717.0,47437.4
Apple,iPad Air 10.9-inch 256GB,458.0,4.0,12.0,12.0,A14 Bionic,7608.0,10.9,89999.0,64900.0,3699.0,749.0,2499.0,2020,26999.7,42279.57,62167.0,56477.4
Apple,iPad 10.2-inch 32GB,490.0,3.0,12.0,8.0,A13 Bionic,8612.0,10.2,49999.0,29900.0,2299.0,329.0,1199.0,2020,14999.699999999999,26277.57,27307.0,27097.4
Apple,iPad 10.2-inch 128GB,490.0,3.0,12.0,8.0,A13 Bionic,8612.0,10.2,59999.0,39900.0,2699.0,429.0,1499.0,2020,17999.7,30849.57,35607.0,33877.4
Apple,iPad Mini 7.9-inch 64GB,300.5,3.0,7.0,8.0,A12 Bionic,5124.0,7.9,69999.0,39900.0,3499.0,399.0,1499.0,2019,20999.7,39993.57,33117.0,33877.4
Apple,iPad Mini 7.9-inch 256GB,300.5,3.0,7.0,8.0,A12 Bionic,5124.0,7.9,79999.0,49900.0,3799.0,499.0,1799.0,2019,23999.7,43422.57,41417.0,40657.4
Apple,iPad Pro 11-inch 128GB,468.0,4.0,7.0,1210.0,A12Z Bionic,7812.0,11.0,149999.0,71900.0,6399.0,799.0,2799.0,2020,44999.7,73140.56999999999,66317.0,63257.4
Apple,iPad Pro 11-inch 256GB,468.0,4.0,7.0,1210.0,A12Z Bionic,7812.0,11.0,169999.0,89900.0,7199.0,899.0,3199.0,2020,50999.7,82284.56999999999,74617.0,72297.40000000001
Apple,iPad Pro 11-inch 512GB,468.0,6.0,7.0,1210.0,A12Z Bionic,7812.0,11.0,189999.0,109900.0,7999.0,1099.0,3699.0,2020,56999.7,91428.56999999999,91217.0,83597.40000000001
Apple,iPad Pro 12.9-inch 128GB,682.0,6.0,7.0,1210.0,A12Z Bionic,9720.0,12.9,219999.0,94900.0,7999.0,999.0,3799.0,2020,65999.7,91428.56999999999,82917.0,85857.40000000001
Apple,iPad Pro 12.9-inch 256GB,682.0,6.0,7.0,1210.0,A12Z Bionic,9720.0,12.9,239999.0,109900.0,8699.0,1099.0,4199.0,2020,71999.7,99429.56999999999,91217.0,94897.40000000001
Apple,iPad Pro 12.9-inch 512GB,682.0,6.0,7.0,1210.0,A12Z Bionic,9720.0,12.9,259999.0,119900.0,9199.0,1299.0,4599.0,2020,77999.7,105144.56999999999,107817.0,103937.40000000001
Apple,iPad Pro 13-inch 128GB,708.0,6.0,7.0,1210.0,A12Z Bionic,10307.0,13.0,259999.0,119900.0,8699.0,1099.0,4499.0,2020,77999.7,99429.56999999999,91217.0,101677.40000000001
Apple,iPad Pro 13-inch 256GB,708.0,6.0,7.0,1210.0,A12Z Bionic,10307.0,13.0,279999.0,139900.0,9199.0,1199.0,4799.0,2020,83999.7,105144.56999999999,99517.0,108457.40000000001
Apple,iPad Pro 13-inch 512GB,708.0,6.0,7.0,1210.0,A12Z Bionic,10307.0,13.0,309999.0,159900.0,9799.0,1399.0,5299.0,2020,92999.7,112002.56999999999,116117.0,119757.40000000001
Apple,iPad Pro 13-inch 1TB,708.0,6.0,7.0,1210.0,A12Z Bionic,10307.0,13.0,359999.0,179900.0,10399.0,1599.0,5799.0,2020,107999.7,118860.56999999999,132717.0,131057.40000000001
Apple,iPad Pro 13-inch 2TB,708.0,6.0,7.0,1210.0,A12Z Bionic,10307.0,13.0,399999.0,199900.0,11199.0,1799.0,6099.0,2020,119999.7,128004.56999999999,149317.0,137837.4
Samsung,Galaxy S24 Ultra 128GB,234.0,12.0,12.0,20012.0,Exynos 2400,5000.0,6.8,450000.0,104900.0,7499.0,1199.0,4899.0,2024,135000.0,85713.56999999999,99517.0,110717.40000000001
Samsung,Galaxy S24 Ultra 256GB,234.0,12.0,12.0,20012.0,Exynos 2400,5000.0,6.8,480000.0,114900.0,7999.0,1299.0,5099.0,2024,144000.0,91428.56999999999,107817.0,115237.40000000001
Samsung,Galaxy S24+ 128GB,196.0,8.0,12.0,5012.0,Exynos 2400,4800.0,6.6,400000.0,89900.0,6199.0,899.0,3599.0,2024,120000.0,70854.56999999999,74617.0,81337.40000000001
Samsung,Galaxy S24+ 256GB,196.0,8.0,12.0,5012.0,Exynos 2400,4800.0,6.6,430000.0,99900.0,6999.0,999.0,3799.0,2024,129000.0,79998.56999999999,82917.0,85857.40000000001
Samsung,Galaxy S24 128GB,168.0,8.0,12.0,5012.0,Exynos 2400,4000.0,6.1,350000.0,79900.0,5799.0,799.0,3299.0,2024,105000.0,66282.56999999999,66317.0,74557.40000000001
Samsung,Galaxy S24 256GB,168.0,8.0,12.0,5012.0,Exynos 2400,4000.0,6.1,380000.0,89900.0,6199.0,899.0,3499.0,2024,114000.0,70854.56999999999,74617.0,79077.40000000001
Samsung,Galaxy S23 Ultra 128GB,228.0,12.0,12.0,20012.0,Snapdragon 8 Gen 2,5000.0,6.8,430000.0,99900.0,7299.0,1199.0,4599.0,2023,129000.0,83427.56999999999,99517.0,103937.40000000001
Samsung,Galaxy S23 Ultra 256GB,228.0,12.0,12.0,20012.0,Snapdragon 8 Gen 2,5000.0,6.8,460000.0,109900.0,7999.0,1299.0,4899.0,2023,138000.0,91428.56999999999,107817.0,110717.40000000001
Samsung,Galaxy S23+ 128GB,196.0,8.0,12.0,5012.0,Snapdragon 8 Gen 2,4700.0,6.6,360000.0,79900.0,6199.0,899.0,3399.0,2023,108000.0,70854.56999999999,74617.0,76817.40000000001
Samsung,Galaxy S23+ 256GB,196.0,8.0,12.0,5012.0,Snapdragon 8 Gen 2,4700.0,6.6,390000.0,89900.0,6799.0,999.0,3599.0,2023,117000.0,77712.56999999999,82917.0,81337.40000000001
Samsung,Galaxy S23 128GB,168.0,8.0,12.0,5012.0,Snapdragon 8 Gen 2,3900.0,6.1,320000.0,69900.0,5499.0,799.0,3099.0,2023,96000.0,62853.57,66317.0,70037.40000000001
Samsung,Galaxy S23 256GB,168.0,8.0,12.0,5012.0,Snapdragon 8 Gen 2,3900.0,6.1,350000.0,79900.0,5999.0,899.0,3299.0,2023,105000.0,68568.56999999999,74617.0,74557.40000000001
Samsung,Galaxy S22 Ultra 128GB,228.0,12.0,10.0,10812.0,Exynos 2200,5000.0,6.8,420000.0,94900.0,6599.0,1099.0,4499.0,2022,126000.0,75426.56999999999,91217.0,101677.40000000001
Samsung,Galaxy S22 Ultra 256GB,228.0,12.0,10.0,10812.0,Exynos 2200,5000.0,6.8,450000.0,104900.0,7199.0,1199.0,4799.0,2022,135000.0,82284.56999999999,99517.0,108457.40000000001
Samsung,Galaxy S22+ 128GB,195.0,8.0,10.0,5012.0,Exynos 2200,4500.0,6.6,350000.0,79900.0,5999.0,799.0,3299.0,2022,105000.0,68568.56999999999,66317.0,74557.40000000001
Samsung,Galaxy S22+ 256GB,195.0,8.0,10.0,5012.0,Exynos 2200,4500.0,6.6,380000.0,89900.0,6499.0,899.0,3599.0,2022,114000.0,74283.56999999999,74617.0,81337.40000000001
Samsung,Galaxy S22 128GB,167.0,8.0,10.0,5012.0,Exynos 2200,3800.0,6.1,300000.0,69900.0,5499.0,699.0,2999.0,2022,90000.0,62853.57,58017.0,67777.40000000001
Samsung,Galaxy S22 256GB,167.0,8.0,10.0,5012.0,Exynos 2200,3800.0,6.1,330000.0,79900.0,5999.0,799.0,3199.0,2022,99000.0,68568.56999999999,66317.0,72297.40000000001
Samsung,Galaxy Z Fold 5 256GB,254.0,12.0,10.0,5012.0,Snapdragon 8 Gen 2,4400.0,7.6,500000.0,154900.0,11999.0,1799.0,6999.0,2023,150000.0,137148.57,149317.0,158177.40000000002
Samsung,Galaxy Z Fold 5 512GB,254.0,12.0,10.0,5012.0,Snapdragon 8 Gen 2,4400.0,7.6,550000.0,174900.0,12999.0,1899.0,7499.0,2023,165000.0,148578.57,157617.0,169477.40000000002
Samsung,Galaxy Z Flip 5 256GB,187.0,8.0,12.0,1212.0,Snapdragon 8 Gen 2,3700.0,6.7,350000.0,94900.0,7999.0,999.0,4099.0,2023,105000.0,91428.56999999999,82917.0,92637.40000000001
Samsung,Galaxy Z Flip 5 512GB,187.0,8.0,12.0,1212.0,Snapdragon 8 Gen 2,3700.0,6.7,380000.0,104900.0,8999.0,1099.0,4399.0,2023,114000.0,102858.56999999999,91217.0,99417.40000000001
Samsung,Galaxy Z Fold 4 256GB,263.0,12.0,10.0,5012.0,Snapdragon 8 Gen 1,4400.0,7.6,480000.0,134900.0,10999.0,1799.0,6499.0,2022,144000.0,125718.56999999999,149317.0,146877.40000000002
Samsung,Galaxy Z Fold 4 512GB,263.0,12.0,10.0,5012.0,Snapdragon 8 Gen 1,4400.0,7.6,530000.0,154900.0,11999.0,1899.0,7099.0,2022,159000.0,137148.57,157617.0,160437.40000000002
Samsung,Galaxy Z Flip 4 256GB,187.0,8.0,10.0,1212.0,Snapdragon 8 Gen 1,3700.0,6.7,320000.0,84900.0,6999.0,999.0,3799.0,2022,96000.0,79998.56999999999,82917.0,85857.40000000001
Samsung,Galaxy Z Flip 4 512GB,187.0,8.0,10.0,1212.0,Snapdragon 8 Gen 1,3700.0,6.7,350000.0,94900.0,7999.0,1099.0,4099.0,2022,105000.0,91428.56999999999,91217.0,92637.40000000001
Samsung,Galaxy A54 128GB,189.0,6.0,32.0,5012.0,Exynos 1380,5000.0,6.4,85000.0,27999.0,2199.0,399.0,1399.0,2023,25500.0,25134.57,33117.0,31617.4
Samsung,Galaxy A54 256GB,189.0,6.0,32.0,5012.0,Exynos 1380,5000.0,6.4,95000.0,32999.0,2499.0,449.0,1499.0,2023,28500.0,28563.57,37267.0,33877.4
Samsung,Galaxy A34 128GB,199.0,6.0,13.0,488.0,MediaTek Dimensity 1080,5000.0,6.6,75000.0,22999.0,1799.0,349.0,1299.0,2023,22500.0,20562.57,28967.0,29357.4
Samsung,Galaxy A34 256GB,199.0,6.0,13.0,488.0,MediaTek Dimensity 1080,5000.0,6.6,85000.0,27999.0,1999.0,399.0,1399.0,2023,25500.0,22848.57,33117.0,31617.4
Samsung,Galaxy A24 128GB,195.0,6.0,13.0,505.0,MediaTek Helio G99,5000.0,6.5,70000.0,19999.0,1599.0,299.0,1199.0,2023,21000.0,18276.57,24817.0,27097.4
Samsung,Galaxy A24 256GB,195.0,6.0,13.0,505.0,MediaTek Helio G99,5000.0,6.5,80000.0,24999.0,1799.0,349.0,1299.0,2023,24000.0,20562.57,28967.0,29357.4
Samsung,Galaxy A14 128GB,190.0,4.0,13.0,502.0,Exynos 850,5000.0,6.6,60000.0,18499.0,1499.0,249.0,1099.0,2023,18000.0,17133.57,20667.0,24837.4
Samsung,Galaxy A14 256GB,190.0,4.0,13.0,502.0,Exynos 850,5000.0,6.6,70000.0,21999.0,1699.0,299.0,1199.0,2023,21000.0,19419.57,24817.0,27097.4
Samsung,Galaxy A04 64GB,188.0,4.0,5.0,502.0,Exynos 850,5000.0,6.5,50000.0,14999.0,1199.0,199.0,899.0,2022,15000.0,13704.57,16517.0,20317.4
Samsung,Galaxy A04 128GB,188.0,4.0,5.0,502.0,Exynos 850,5000.0,6.5,60000.0,18499.0,1399.0,249.0,999.0,2022,18000.0,15990.57,20667.0,22577.4
Samsung,Galaxy M54 128GB,202.0,8.0,32.0,1088.0,Exynos 1380,6000.0,6.7,95000.0,23999.0,2099.0,349.0,1299.0,2023,28500.0,23991.57,28967.0,29357.4
Samsung,Galaxy M54 256GB,202.0,8.0,32.0,1088.0,Exynos 1380,6000.0,6.7,105000.0,26999.0,2299.0,399.0,1399.0,2023,31500.0,26277.57,33117.0,31617.4
Samsung,Galaxy M34 128GB,199.0,6.0,13.0,508.0,Exynos 1280,6000.0,6.5,70000.0,17999.0,1699.0,299.0,1099.0,2023,21000.0,19419.57,24817.0,24837.4
Samsung,Galaxy M34 256GB,199.0,6.0,13.0,508.0,Exynos 1280,6000.0,6.5,80000.0,20999.0,1999.0,349.0,1199.0,2023,24000.0,22848.57,28967.0,27097.4
Samsung,Galaxy M14 128GB,202.0,4.0,13.0,502.0,Exynos 850,6000.0,6.6,60000.0,14999.0,1399.0,249.0,999.0,2023,18000.0,15990.57,20667.0,22577.4
Samsung,Galaxy M14 256GB,202.0,4.0,13.0,502.0,Exynos 850,6000.0,6.6,70000.0,17999.0,1599.0,299.0,1099.0,2023,21000.0,18276.57,24817.0,24837.4
Samsung,Galaxy M04 64GB,188.0,4.0,5.0,132.0,MediaTek Helio P35,5000.0,6.5,50000.0,12999.0,1099.0,199.0,899.0,2022,15000.0,12561.57,16517.0,20317.4
Samsung,Galaxy M04 128GB,188.0,4.0,5.0,132.0,MediaTek Helio P35,5000.0,6.5,60000.0,15999.0,1299.0,249.0,999.0,2022,18000.0,14847.57,20667.0,22577.4
Samsung,Galaxy F54 128GB,199.0,8.0,32.0,1088.0,Exynos 1380,6000.0,6.7,85000.0,23999.0,2199.0,349.0,1299.0,2023,25500.0,25134.57,28967.0,29357.4
Samsung,Galaxy F54 256GB,199.0,8.0,32.0,1088.0,Exynos 1380,6000.0,6.7,95000.0,26999.0,2399.0,399.0,1399.0,2023,28500.0,27420.57,33117.0,31617.4
Samsung,Galaxy F34 128GB,190.0,6.0,13.0,508.0,Exynos 1280,6000.0,6.5,70000.0,18999.0,1799.0,299.0,1099.0,2023,21000.0,20562.57,24817.0,24837.4
Samsung,Galaxy F34 256GB,190.0,6.0,13.0,508.0,Exynos 1280,6000.0,6.5,80000.0,21999.0,1999.0,349.0,1199.0,2023,24000.0,22848.57,28967.0,27097.4
Samsung,Galaxy F14 128GB,198.0,4.0,13.0,502.0,Exynos 850,6000.0,6.6,60000.0,14999.0,1399.0,249.0,999.0,2023,18000.0,15990.57,20667.0,22577.4
Samsung,Galaxy F14 256GB,198.0,4.0,13.0,502.0,Exynos 850,6000.0,6.6,70000.0,17999.0,1599.0,299.0,1099.0,2023,21000.0,18276.57,24817.0,24837.4
Samsung,Galaxy Note 20 Ultra 128GB,208.0,12.0,10.0,10812.0,Exynos 990,4500.0,6.9,180000.0,99999.0,7999.0,1299.0,4499.0,2020,54000.0,91428.56999999999,107817.0,101677.40000000001
Samsung,Galaxy Note 20 Ultra 256GB,208.0,12.0,10.0,10812.0,Exynos 990,4500.0,6.9,200000.0,104999.0,8499.0,1399.0,4999.0,2020,60000.0,97143.56999999999,116117.0,112977.40000000001
Samsung,Galaxy Note 20 128GB,192.0,8.0,10.0,10812.0,Exynos 990,4300.0,6.7,150000.0,77999.0,6499.0,999.0,3999.0,2020,45000.0,74283.56999999999,82917.0,90377.40000000001
Samsung,Galaxy Note 20 256GB,192.0,8.0,10.0,10812.0,Exynos 990,4300.0,6.7,170000.0,89999.0,7099.0,1099.0,4199.0,2020,51000.0,81141.56999999999,91217.0,94897.40000000001
Samsung,Galaxy Note 10+ 256GB,196.0,12.0,10.0,1216.0,Exynos 9825,4300.0,6.8,160000.0,74999.0,6299.0,1099.0,3899.0,2019,48000.0,71997.56999999999,91217.0,88117.40000000001
Samsung,Galaxy Note 10+ 512GB,196.0,12.0,10.0,1216.0,Exynos 9825,4300.0,6.8,180000.0,84999.0,6999.0,1199.0,4199.0,2019,54000.0,79998.56999999999,99517.0,94897.40000000001
Samsung,Galaxy Note 10 256GB,168.0,8.0,10.0,1216.0,Exynos 9825,3500.0,6.3,140000.0,64999.0,5699.0,949.0,3699.0,2019,42000.0,65139.57,78767.0,83597.40000000001
Samsung,Galaxy Note 10 128GB,168.0,8.0,10.0,1216.0,Exynos 9825,3500.0,6.3,120000.0,59999.0,5199.0,899.0,3399.0,2019,36000.0,59424.57,74617.0,76817.40000000001
Samsung,Galaxy Xcover 6 Pro 128GB,235.0,6.0,13.0,50.0,Exynos 1380,4050.0,6.6,75000.0,28999.0,2299.0,499.0,1699.0,2022,22500.0,26277.57,41417.0,38397.4
Samsung,Galaxy Xcover 5 64GB,172.0,4.0,5.0,16.0,Exynos 850,3000.0,5.3,50000.0,17499.0,1299.0,249.0,899.0,2020,15000.0,14847.57,20667.0,20317.4
Samsung,Galaxy J8 64GB,191.0,4.0,16.0,165.0,Snapdragon 450,3500.0,6.0,45000.0,18990.0,1699.0,199.0,799.0,2018,13500.0,19419.57,16517.0,18057.4
Samsung,Galaxy J7 Pro 64GB,181.0,3.0,13.0,13.0,Exynos 7870,3600.0,5.5,40000.0,18990.0,1599.0,179.0,699.0,2017,12000.0,18276.57,14857.0,15797.400000000001
Samsung,Galaxy J6+ 64GB,178.0,4.0,8.0,135.0,Snapdragon 425,3300.0,6.0,40000.0,15999.0,1499.0,169.0,699.0,2018,12000.0,17133.57,14027.0,15797.400000000001
Samsung,Galaxy J4 16GB,175.0,2.0,5.0,13.0,Exynos 7570,3000.0,5.5,25000.0,9990.0,999.0,129.0,499.0,2018,7500.0,11418.57,10707.0,11277.400000000001
Samsung,Galaxy C9 Pro 64GB,189.0,6.0,16.0,168.0,Snapdragon 653,4000.0,6.0,65000.0,32990.0,3099.0,399.0,1299.0,2016,19500.0,35421.57,33117.0,29357.4
Samsung,Galaxy C7 Pro 64GB,165.0,4.0,16.0,16.0,Snapdragon 625,3300.0,5.7,50000.0,22990.0,2499.0,299.0,999.0,2017,15000.0,28563.57,24817.0,22577.4
Samsung,Galaxy C5 32GB,143.0,4.0,8.0,16.0,Snapdragon 617,2600.0,5.2,40000.0,19990.0,1899.0,249.0,799.0,2016,12000.0,21705.57,20667.0,18057.4
Samsung,Galaxy W22 5G 256GB,228.0,12.0,10.0,10812.0,Snapdragon 888,4500.0,7.6,280000.0,99999.0,10999.0,1499.0,5499.0,2021,84000.0,125718.56999999999,124417.0,124277.40000000001
Samsung,Galaxy W21 5G 256GB,229.0,12.0,10.0,10812.0,Snapdragon 888,4500.0,7.6,260000.0,89999.0,9999.0,1399.0,4999.0,2020,78000.0,114288.56999999999,116117.0,112977.40000000001
Samsung,Galaxy Tab S9 Ultra 256GB,732.0,12.0,1212.0,138.0,Snapdragon 8 Gen 2,11200.0,14.6,350000.0,114999.0,9999.0,1199.0,4499.0,2023,105000.0,114288.56999999999,99517.0,101677.40000000001
Samsung,Galaxy Tab S9+ 256GB,586.0,12.0,12.0,138.0,Snapdragon 8 Gen 2,10090.0,12.4,280000.0,99999.0,8799.0,999.0,3999.0,2023,84000.0,100572.56999999999,82917.0,90377.40000000001
Samsung,Galaxy Tab S9 128GB,498.0,8.0,12.0,13.0,Snapdragon 8 Gen 2,8400.0,11.0,230000.0,85999.0,7299.0,799.0,3299.0,2023,69000.0,83427.56999999999,66317.0,74557.40000000001
Samsung,Galaxy Tab S9 FE 128GB,523.0,6.0,12.0,8.0,Exynos 1380,8000.0,10.9,150000.0,49999.0,5499.0,549.0,1999.0,2023,45000.0,62853.57,45567.0,45177.4
Samsung,Galaxy Tab S8 Ultra 256GB,726.0,12.0,1212.0,136.0,Snapdragon 8 Gen 1,11200.0,14.6,320000.0,109999.0,9499.0,1099.0,4299.0,2022,96000.0,108573.56999999999,91217.0,97157.40000000001
Samsung,Galaxy Tab S8+ 256GB,567.0,8.0,12.0,136.0,Snapdragon 8 Gen 1,10090.0,12.4,250000.0,94999.0,8299.0,899.0,3699.0,2022,75000.0,94857.56999999999,74617.0,83597.40000000001
Samsung,Galaxy Tab S8 128GB,503.0,8.0,12.0,136.0,Snapdragon 8 Gen 1,8000.0,11.0,200000.0,74999.0,6999.0,699.0,2999.0,2022,60000.0,79998.56999999999,58017.0,67777.40000000001
Samsung,Galaxy Tab A9+ 128GB,480.0,8.0,5.0,8.0,Snapdragon 695,7040.0,11.0,100000.0,22999.0,1799.0,229.0,899.0,2023,30000.0,20562.57,19007.0,20317.4
Samsung,Galaxy Tab A9 64GB,366.0,4.0,2.0,8.0,MediaTek Helio G99,5100.0,8.7,75000.0,16999.0,1299.0,179.0,699.0,2023,22500.0,14847.57,14857.0,15797.400000000001
Samsung,Galaxy Tab A8 64GB,508.0,4.0,5.0,8.0,Unisoc T618,7040.0,10.5,68000.0,17999.0,1499.0,199.0,799.0,2022,20400.0,17133.57,16517.0,18057.4
Samsung,Galaxy Tab A7 Lite 32GB,366.0,3.0,2.0,8.0,MediaTek Helio P22T,5100.0,8.7,40000.0,11999.0,999.0,149.0,599.0,2021,12000.0,11418.57,12367.0,13537.400000000001
Samsung,Galaxy Tab Active 5 128GB,433.0,6.0,5.0,13.0,Exynos 1380,5050.0,8.0,150000.0,54999.0,3699.0,549.0,2199.0,2024,45000.0,42279.57,45567.0,49697.4
Samsung,Galaxy Tab Active 4 Pro 128GB,674.0,6.0,8.0,13.0,Snapdragon 778G,7600.0,10.1,180000.0,64999.0,4299.0,649.0,2599.0,2022,54000.0,49137.57,53867.0,58737.4
Samsung,Galaxy Tab Active 3 64GB,426.0,4.0,5.0,13.0,Exynos 9810,5050.0,8.0,120000.0,44999.0,2999.0,499.0,1899.0,2020,36000.0,34278.57,41417.0,42917.4
Samsung,Galaxy Tab E 10.1 16GB,490.0,1.5,2.0,5.0,Spreadtrum SC8830,5000.0,10.1,35000.0,9999.0,899.0,129.0,499.0,2016,10500.0,10275.57,10707.0,11277.400000000001
Samsung,Galaxy Tab E 8.0 16GB,360.0,1.5,2.0,5.0,Qualcomm MSM8916,5000.0,8.0,28000.0,8499.0,799.0,99.0,399.0,2016,8400.0,9132.57,8217.0,9017.400000000001
OnePlus,OnePlus 12 256GB,205.0,12.0,32.0,5048.0,Snapdragon 8 Gen 3,5000.0,6.7,219999.0,74999.0,5999.0,799.0,3199.0,2024,65999.7,68568.56999999999,66317.0,72297.40000000001
OnePlus,OnePlus 12R 256GB,203.0,12.0,16.0,508.0,Snapdragon 8 Gen 2,4500.0,6.7,169999.0,49999.0,4299.0,699.0,2599.0,2024,50999.7,49137.57,58017.0,58737.4
OnePlus,OnePlus 11 256GB,205.0,12.0,16.0,5048.0,Snapdragon 8 Gen 1,5000.0,6.7,179999.0,54999.0,4999.0,699.0,2799.0,2023,53999.7,57138.57,58017.0,63257.4
OnePlus,OnePlus 11R 256GB,202.0,12.0,16.0,508.0,Snapdragon 8 Gen 1,5000.0,6.7,159999.0,44999.0,3799.0,599.0,2499.0,2023,47999.7,43422.57,49717.0,56477.4
OnePlus,OnePlus Nord 3 256GB,190.0,12.0,16.0,508.0,MediaTek Dimensity 9000,5000.0,6.74,119999.0,34999.0,3499.0,499.0,1999.0,2023,35999.7,39993.57,41417.0,45177.4
OnePlus,OnePlus Nord CE 3 128GB,179.0,8.0,16.0,502.0,Snapdragon 782G,5000.0,6.72,85000.0,22999.0,2799.0,399.0,1499.0,2023,25500.0,31992.57,33117.0,33877.4
OnePlus,OnePlus Nord CE 3 Lite 128GB,195.0,8.0,16.0,108.0,Snapdragon 695,5000.0,6.72,59999.0,17999.0,2099.0,299.0,1199.0,2023,17999.7,23991.57,24817.0,27097.4
OnePlus,OnePlus Nord N30 5G 128GB,192.0,8.0,16.0,642.0,MediaTek Dimensity 6020,5000.0,6.72,55000.0,16999.0,1999.0,249.0,999.0,2023,16500.0,22848.57,20667.0,22577.4
OnePlus,OnePlus Open 256GB,238.0,16.0,32.0,4848.0,Snapdragon 8 Gen 2,4800.0,7.8,299999.0,74999.0,6999.0,1099.0,4299.0,2024,89999.7,79998.56999999999,91217.0,97157.40000000001
OnePlus,OnePlus 10 Pro 256GB,200.0,12.0,32.0,5048.0,Snapdragon 8 Gen 1,5000.0,6.7,199999.0,64999.0,4999.0,899.0,3299.0,2022,59999.7,57138.57,74617.0,74557.40000000001
OnePlus,OnePlus 10T 256GB,203.0,12.0,16.0,508.0,Snapdragon 8+ Gen 1,4500.0,6.7,179999.0,54999.0,4699.0,749.0,2899.0,2022,53999.7,53709.57,62167.0,65517.4
OnePlus,OnePlus 9 Pro 256GB,192.0,12.0,16.0,4850.0,Snapdragon 888,4500.0,6.7,179999.0,59999.0,4199.0,699.0,2799.0,2021,53999.7,47994.57,58017.0,63257.4
OnePlus,OnePlus 9 128GB,183.0,8.0,16.0,4850.0,Snapdragon 888,4500.0,6.55,149999.0,39999.0,3699.0,599.0,2299.0,2021,44999.7,42279.57,49717.0,51957.4
OnePlus,OnePlus 11 Pro 256GB,204.0,16.0,32.0,5048.0,Snapdragon 8 Gen 2,5000.0,6.7,219999.0,74999.0,6399.0,899.0,3599.0,2023,65999.7,73140.56999999999,74617.0,81337.40000000001
OnePlus,OnePlus Nord 2T 128GB,190.0,8.0,32.0,508.0,MediaTek Dimensity 1300,4500.0,6.43,69999.0,28999.0,2499.0,399.0,1699.0,2022,20999.7,28563.57,33117.0,38397.4
OnePlus,OnePlus Nord 2 128GB,190.0,8.0,32.0,508.0,MediaTek Dimensity 1200-AI,4500.0,6.43,59999.0,27999.0,2299.0,349.0,1499.0,2021,17999.7,26277.57,28967.0,33877.4
OnePlus,OnePlus Nord N200 64GB,189.0,4.0,16.0,132.0,Snapdragon 480,5000.0,6.49,39999.0,15999.0,1199.0,199.0,799.0,2021,11999.699999999999,13704.57,16517.0,18057.4
OnePlus,OnePlus Nord N100 64GB,185.0,4.0,8.0,132.0,Qualcomm Snapdragon 460,5000.0,6.52,29999.0,12999.0,1099.0,179.0,699.0,2020,8999.699999999999,12561.57,14857.0,15797.400000000001
OnePlus,OnePlus 8T Cyberpunk 2077 Edition 256GB,188.0,12.0,16.0,4816.0,Snapdragon 865,4500.0,6.55,139999.0,45999.0,3699.0,749.0,2999.0,2020,41999.7,42279.57,62167.0,67777.40000000001
OnePlus,OnePlus 9T 128GB,192.0,8.0,16.0,4850.0,Snapdragon 888,4500.0,6.55,159999.0,49999.0,4199.0,649.0,2799.0,2021,47999.7,47994.57,53867.0,63257.4
OnePlus,OnePlus 8T 256GB,188.0,12.0,16.0,4816.0,Snapdragon 865,4500.0,6.55,119999.0,42999.0,3499.0,599.0,2499.0,2020,35999.7,39993.57,49717.0,56477.4
OnePlus,OnePlus 10T 5G 256GB,203.0,12.0,16.0,508.0,Snapdragon 8+ Gen 1,4500.0,6.7,179999.0,54999.0,4699.0,749.0,2899.0,2022,53999.7,53709.57,62167.0,65517.4
OnePlus,OnePlus 9R 5G 128GB,189.0,8.0,16.0,485.0,Snapdragon 870,4500.0,6.55,159999.0,39999.0,3499.0,599.0,2499.0,2021,47999.7,39993.57,49717.0,56477.4
OnePlus,OnePlus 8 Pro 256GB,199.0,12.0,16.0,4848.0,Snapdragon 865,4510.0,6.78,159999.0,54999.0,4999.0,749.0,2999.0,2020,47999.7,57138.57,62167.0,67777.40000000001
OnePlus,OnePlus 8 128GB,180.0,8.0,16.0,4816.0,Snapdragon 865,4300.0,6.55,119999.0,41999.0,3499.0,699.0,2499.0,2020,35999.7,39993.57,58017.0,56477.4
OnePlus,OnePlus Nord CE 2 Lite 128GB,195.0,6.0,16.0,642.0,MediaTek Dimensity 900,5000.0,6.59,49999.0,19999.0,1799.0,249.0,999.0,2022,14999.699999999999,20562.57,20667.0,22577.4
OnePlus,OnePlus Nord CE 2 128GB,173.0,8.0,16.0,648.0,MediaTek Dimensity 1200,4500.0,6.43,64999.0,23999.0,2499.0,299.0,1299.0,2022,19499.7,28563.57,24817.0,29357.4
OnePlus,OnePlus Nord 1 128GB,184.0,6.0,16.0,485.0,Snapdragon 765G,4115.0,6.44,49999.0,22999.0,2099.0,349.0,1499.0,2020,14999.699999999999,23991.57,28967.0,33877.4
OnePlus,OnePlus Nord CE 5G 128GB,170.0,6.0,16.0,648.0,Snapdragon 750G,4500.0,6.43,54999.0,24999.0,2499.0,299.0,1499.0,2021,16499.7,28563.57,24817.0,33877.4
OnePlus,OnePlus Nord 2 5G 128GB,189.0,8.0,32.0,508.0,MediaTek Dimensity 1200-AI,4500.0,6.43,69999.0,27999.0,2499.0,399.0,1699.0,2021,20999.7,28563.57,33117.0,38397.4
OnePlus,OnePlus Nord N100 5G 64GB,185.0,4.0,8.0,132.0,Qualcomm Snapdragon 460,5000.0,6.52,29999.0,12999.0,1099.0,179.0,699.0,2020,8999.699999999999,12561.57,14857.0,15797.400000000001
OnePlus,OnePlus Nord N10 5G 128GB,190.0,6.0,16.0,648.0,Qualcomm Snapdragon 690,4300.0,6.49,49999.0,19999.0,1799.0,299.0,1099.0,2020,14999.699999999999,20562.57,24817.0,24837.4
OnePlus,OnePlus 8R 128GB,192.0,8.0,16.0,485.0,Snapdragon 865,4300.0,6.55,119999.0,41999.0,3499.0,649.0,2499.0,2020,35999.7,39993.57,53867.0,56477.4
OnePlus,OnePlus 7R 128GB,190.0,6.0,16.0,485.0,Snapdragon 855,3700.0,6.41,109999.0,38999.0,3199.0,599.0,2399.0,2020,32999.7,36564.57,49717.0,54217.4
OnePlus,OnePlus 6T McLaren Edition 256GB,185.0,10.0,16.0,2016.0,Snapdragon 845,3700.0,6.41,149999.0,50999.0,4699.0,799.0,3299.0,2018,44999.7,53709.57,66317.0,74557.40000000001
OnePlus,OnePlus 5T Star Wars Edition 128GB,162.0,6.0,16.0,1620.0,Snapdragon 835,3300.0,6.01,89999.0,34999.0,3499.0,649.0,2499.0,2017,26999.7,39993.57,53867.0,56477.4
OnePlus,OnePlus 13R 128GB,210.0,8.0,16.0,508.0,Snapdragon 8 Gen 2,4500.0,6.7,219999.0,74999.0,6499.0,849.0,3599.0,2023,65999.7,74283.56999999999,70467.0,81337.40000000001
OnePlus,OnePlus 11T 128GB,202.0,12.0,32.0,5048.0,Snapdragon 8 Gen 2,5000.0,6.7,199999.0,74999.0,5999.0,799.0,3499.0,2023,59999.7,68568.56999999999,66317.0,79077.40000000001
OnePlus,OnePlus 10R 128GB,205.0,8.0,16.0,5016.0,MediaTek Dimensity 8100,4500.0,6.7,169999.0,49999.0,3899.0,599.0,2499.0,2022,50999.7,44565.57,49717.0,56477.4
OnePlus,OnePlus 7 Pro 5G 256GB,206.0,12.0,16.0,488.0,Snapdragon 855,4000.0,6.67,169999.0,59999.0,4699.0,799.0,3299.0,2019,50999.7,53709.57,66317.0,74557.40000000001
OnePlus,OnePlus 6 Special Edition 128GB,177.0,6.0,16.0,2016.0,Snapdragon 845,3300.0,6.28,99999.0,37999.0,3499.0,599.0,2499.0,2018,29999.699999999997,39993.57,49717.0,56477.4
OnePlus,OnePlus 5 Special Edition 128GB,155.0,8.0,16.0,2016.0,Snapdragon 835,3300.0,5.5,94999.0,36999.0,3299.0,599.0,2399.0,2017,28499.7,37707.57,49717.0,54217.4
OnePlus,OnePlus Nord X 128GB,190.0,8.0,32.0,648.0,Snapdragon 765G,4000.0,6.44,69999.0,24999.0,2499.0,299.0,1299.0,2020,20999.7,28563.57,24817.0,29357.4
OnePlus,OnePlus 8 Pro McLaren Edition 256GB,199.0,12.0,16.0,488.0,Snapdragon 865,4510.0,6.78,169999.0,59999.0,4999.0,899.0,3599.0,2020,50999.7,57138.57,74617.0,81337.40000000001
OnePlus,OnePlus 8T Cyberpunk Edition 256GB,188.0,12.0,16.0,4816.0,Snapdragon 865,4500.0,6.55,169999.0,58999.0,4699.0,799.0,3299.0,2020,50999.7,53709.57,66317.0,74557.40000000001
OnePlus,OnePlus 7T Pro 5G McLaren Edition 256GB,206.0,12.0,16.0,488.0,Snapdragon 855,4085.0,6.67,179999.0,69999.0,5299.0,899.0,3799.0,2019,53999.7,60567.57,74617.0,85857.40000000001
OnePlus,OnePlus 15R 128GB,210.0,12.0,32.0,508.0,Snapdragon 8 Gen 3,5000.0,6.7,229999.0,74999.0,6499.0,849.0,3699.0,2023,68999.7,74283.56999999999,70467.0,83597.40000000001
OnePlus,OnePlus 14+ 128GB,202.0,8.0,16.0,648.0,Snapdragon 8 Gen 2,4800.0,6.55,199999.0,69999.0,5999.0,799.0,3499.0,2023,59999.7,68568.56999999999,66317.0,79077.40000000001
OnePlus,OnePlus 13 Pro 256GB,215.0,12.0,32.0,5048.0,Snapdragon 8 Gen 2,5000.0,6.7,219999.0,74999.0,6199.0,899.0,3799.0,2023,65999.7,70854.56999999999,74617.0,85857.40000000001
OnePlus,OnePlus 12T 5G 256GB,200.0,12.0,16.0,508.0,Snapdragon 8 Gen 2,5000.0,6.7,219999.0,74999.0,5899.0,849.0,3599.0,2023,65999.7,67425.56999999999,70467.0,81337.40000000001
OnePlus,OnePlus Pad,550.0,8.0,8.0,13.0,MediaTek Dimensity 9000,9510.0,11.61,94999.0,39999.0,3999.0,499.0,1799.0,2023,28499.7,45708.57,41417.0,40657.4
OnePlus,OnePlus Pad 2,550.0,8.0,8.0,13.0,MediaTek Dimensity 9000,9510.0,11.61,104999.0,44999.0,4499.0,549.0,1999.0,2024,31499.699999999997,51423.57,45567.0,45177.4
OnePlus,OnePlus Pad Pro,610.0,12.0,16.0,50.0,Snapdragon 8 Gen 3,11000.0,12.4,169999.0,69999.0,5999.0,799.0,2599.0,2024,50999.7,68568.56999999999,66317.0,58737.4
Vivo,X200 128GB,223.0,12.0,32.0,50.0,Dimensity 9400,6000.0,6.78,199999.0,119999.0,6999.0,999.0,3699.0,2024,59999.7,79998.56999999999,82917.0,83597.40000000001
Vivo,X200 256GB,223.0,12.0,32.0,50.0,Dimensity 9400,6000.0,6.78,219999.0,129999.0,7499.0,1099.0,3999.0,2024,65999.7,85713.56999999999,91217.0,90377.40000000001
Vivo,X200 Pro 256GB,223.0,16.0,32.0,200.0,Dimensity 9400,6000.0,6.78,229999.0,139999.0,7999.0,1199.0,4399.0,2024,68999.7,91428.56999999999,99517.0,99417.40000000001
Vivo,X200 Pro 512GB,223.0,16.0,32.0,200.0,Dimensity 9400,6000.0,6.78,249999.0,149999.0,8499.0,1299.0,4699.0,2024,74999.7,97143.56999999999,107817.0,106197.40000000001
Vivo,X200 Pro Mini 256GB,187.0,16.0,32.0,50.0,Dimensity 9400,5700.0,6.31,189999.0,109999.0,6499.0,949.0,3499.0,2024,56999.7,74283.56999999999,78767.0,79077.40000000001
Vivo,V40e 128GB,179.0,8.0,44.0,64.0,Snapdragon 778G,4100.0,6.44,79999.0,44999.0,2999.0,449.0,1649.0,2024,23999.7,34278.57,37267.0,37267.4
Vivo,Y200 GT 128GB,190.0,12.0,16.0,64.0,Dimensity 1200,5000.0,6.58,69999.0,39999.0,2499.0,399.0,1499.0,2024,20999.7,28563.57,33117.0,33877.4
Vivo,T3 5G 128GB,180.0,8.0,16.0,50.0,Snapdragon 870,5000.0,6.67,59999.0,34999.0,2299.0,349.0,1299.0,2024,17999.7,26277.57,28967.0,29357.4
Vivo,Y100 5G 128GB,181.0,8.0,16.0,64.0,Dimensity 900,4500.0,6.38,54999.0,29999.0,1999.0,299.0,1099.0,2024,16499.7,22848.57,24817.0,24837.4
Vivo,S18 Pro 256GB,189.0,12.0,32.0,108.0,Snapdragon 8 Gen 2,4700.0,6.56,99999.0,59999.0,3999.0,599.0,2199.0,2024,29999.699999999997,45708.57,49717.0,49697.4
Vivo,V30 Pro 128GB,192.0,12.0,32.0,64.0,Dimensity 1100,4500.0,6.44,89999.0,49999.0,3499.0,549.0,1999.0,2024,26999.7,39993.57,45567.0,45177.4
Vivo,iQOO 12 256GB,210.0,16.0,16.0,50.0,Snapdragon 8 Gen 3,5000.0,6.78,109999.0,64999.0,4499.0,699.0,2599.0,2024,32999.7,51423.57,58017.0,58737.4
Vivo,Z3 64GB,162.0,6.0,12.0,16.0,Snapdragon 710,3315.0,6.3,39999.0,22999.0,1699.0,249.0,899.0,2018,11999.699999999999,19419.57,20667.0,20317.4
Vivo,V9 64GB,150.0,4.0,24.0,16.0,Snapdragon 626,3260.0,6.3,34999.0,19999.0,1499.0,219.0,799.0,2018,10499.699999999999,17133.57,18177.0,18057.4
Vivo,X9 Plus 128GB,199.0,6.0,208.0,16.0,Snapdragon 653,4000.0,5.88,42999.0,24999.0,2199.0,299.0,1099.0,2017,12899.699999999999,25134.57,24817.0,24837.4
Vivo,Y81 32GB,146.0,3.0,5.0,13.0,MediaTek Helio P22,3260.0,6.22,22999.0,12999.0,999.0,149.0,549.0,2018,6899.7,11418.57,12367.0,12407.400000000001
Vivo,X5Max 16GB,146.0,2.0,5.0,13.0,Snapdragon 615,2300.0,5.5,29999.0,16999.0,1299.0,199.0,699.0,2014,8999.699999999999,14847.57,16517.0,15797.400000000001
Vivo,V5 Plus 64GB,158.0,4.0,208.0,16.0,Snapdragon 625,3055.0,5.5,39999.0,22999.0,1699.0,249.0,899.0,2017,11999.699999999999,19419.57,20667.0,20317.4
Vivo,Y95 64GB,163.0,4.0,20.0,132.0,Snapdragon 439,4030.0,6.22,29999.0,16999.0,1299.0,199.0,699.0,2018,8999.699999999999,14847.57,16517.0,15797.400000000001
Vivo,V3 Max 32GB,168.0,4.0,8.0,13.0,Snapdragon 652,3000.0,5.5,24999.0,13999.0,1199.0,179.0,649.0,2016,7499.7,13704.57,14857.0,14667.400000000001
Vivo,X3S 16GB,153.0,1.0,5.0,13.0,MediaTek MT6592,2000.0,5.0,19999.0,10999.0,899.0,139.0,499.0,2014,5999.7,10275.57,11537.0,11277.400000000001
Vivo,Y66 32GB,155.0,3.0,16.0,13.0,Snapdragon 430,3000.0,5.5,27999.0,14999.0,1199.0,179.0,649.0,2017,8399.699999999999,13704.57,14857.0,14667.400000000001
Vivo,V19 128GB,176.0,8.0,32.0,48.0,Qualcomm Snapdragon 712,4500.0,6.44,49999.0,27990.0,2799.0,399.0,1499.0,2020,14999.699999999999,31992.57,33117.0,33877.4
Vivo,V19 256GB,176.0,8.0,32.0,48.0,Qualcomm Snapdragon 712,4500.0,6.44,54999.0,31990.0,3199.0,429.0,1599.0,2020,16499.7,36564.57,35607.0,36137.4
Vivo,V17 Pro 128GB,201.0,8.0,32.0,48.0,Qualcomm Snapdragon 675,4100.0,6.44,54999.0,27990.0,2999.0,399.0,1499.0,2019,16499.7,34278.57,33117.0,33877.4
Vivo,V17 Pro 256GB,201.0,8.0,32.0,48.0,Qualcomm Snapdragon 675,4100.0,6.44,59999.0,33990.0,3199.0,429.0,1599.0,2019,17999.7,36564.57,35607.0,36137.4
Vivo,Y12s 64GB,191.0,3.0,8.0,13.0,MediaTek Helio P35,5000.0,6.51,18999.0,10990.0,899.0,159.0,599.0,2020,5699.7,10275.57,13197.0,13537.400000000001
Vivo,Y12s 128GB,191.0,4.0,8.0,13.0,MediaTek Helio P35,5000.0,6.51,22999.0,13990.0,1099.0,179.0,699.0,2020,6899.7,12561.57,14857.0,15797.400000000001
Vivo,S1 Pro 128GB,185.0,6.0,32.0,48.0,MediaTek Helio P65,4500.0,6.38,39999.0,19990.0,2299.0,249.0,999.0,2019,11999.699999999999,26277.57,20667.0,22577.4
Vivo,S1 Pro 256GB,185.0,6.0,32.0,48.0,MediaTek Helio P65,4500.0,6.38,44999.0,24990.0,2499.0,269.0,1099.0,2019,13499.699999999999,28563.57,22327.0,24837.4
Vivo,Y11 32GB,190.0,3.0,8.0,13.0,Qualcomm Snapdragon 439,5000.0,6.35,18499.0,10999.0,899.0,149.0,599.0,2019,5549.7,10275.57,12367.0,13537.400000000001
Vivo,Y11 64GB,190.0,3.0,8.0,13.0,Qualcomm Snapdragon 439,5000.0,6.35,22499.0,13490.0,1099.0,169.0,649.0,2019,6749.7,12561.57,14027.0,14667.400000000001
Vivo,V15 128GB,190.0,6.0,32.0,48.0,MediaTek Helio P70,4000.0,6.53,34999.0,22990.0,2199.0,299.0,1099.0,2019,10499.699999999999,25134.57,24817.0,24837.4
Vivo,V15 256GB,190.0,6.0,32.0,48.0,MediaTek Helio P70,4000.0,6.53,39999.0,26990.0,2399.0,319.0,1199.0,2019,11999.699999999999,27420.57,26477.0,27097.4
Vivo,X27 Pro 128GB,190.0,8.0,32.0,48.0,Qualcomm Snapdragon 710,4000.0,6.39,59999.0,35990.0,3499.0,499.0,1799.0,2019,17999.7,39993.57,41417.0,40657.4
Vivo,X27 Pro 256GB,190.0,8.0,32.0,48.0,Qualcomm Snapdragon 710,4000.0,6.39,64999.0,39990.0,3799.0,549.0,1999.0,2019,19499.7,43422.57,45567.0,45177.4
Vivo,Y30 128GB,193.0,4.0,8.0,13.0,MediaTek Helio P35,5000.0,6.47,24999.0,14990.0,1499.0,199.0,749.0,2020,7499.7,17133.57,16517.0,16927.4
Vivo,Y30 64GB,193.0,3.0,8.0,13.0,MediaTek Helio P35,5000.0,6.47,19999.0,11990.0,1299.0,169.0,649.0,2020,5999.7,14847.57,14027.0,14667.400000000001
Vivo,Z1 Pro 64GB,159.0,4.0,16.0,16.0,Qualcomm Snapdragon 712,4500.0,6.53,29999.0,18990.0,1799.0,249.0,899.0,2019,8999.699999999999,20562.57,20667.0,20317.4
Vivo,Z1 Pro 128GB,159.0,6.0,16.0,16.0,Qualcomm Snapdragon 712,4500.0,6.53,34999.0,22990.0,2099.0,299.0,999.0,2019,10499.699999999999,23991.57,24817.0,22577.4
Vivo,X21 128GB,156.0,6.0,12.0,12.0,Qualcomm Snapdragon 660,3200.0,6.28,39999.0,24990.0,2299.0,349.0,1199.0,2018,11999.699999999999,26277.57,28967.0,27097.4
Vivo,X21 64GB,156.0,4.0,12.0,12.0,Qualcomm Snapdragon 660,3200.0,6.28,34999.0,21990.0,1899.0,299.0,999.0,2018,10499.699999999999,21705.57,24817.0,22577.4
Vivo,V23e 128GB,172.0,8.0,50.0,64.0,MediaTek Helio G96,4050.0,6.44,39999.0,20999.0,1799.0,299.0,1099.0,2021,11999.699999999999,20562.57,24817.0,24837.4
Vivo,V23e 256GB,172.0,8.0,50.0,64.0,MediaTek Helio G96,4050.0,6.44,44999.0,24999.0,1999.0,349.0,1199.0,2021,13499.699999999999,22848.57,28967.0,27097.4
Vivo,Y33s 128GB,182.0,8.0,16.0,50.0,MediaTek Helio G80,5000.0,6.58,34999.0,17999.0,1699.0,239.0,899.0,2021,10499.699999999999,19419.57,19837.0,20317.4
Vivo,Y33s 64GB,182.0,4.0,16.0,50.0,MediaTek Helio G80,5000.0,6.58,29999.0,14999.0,1299.0,179.0,799.0,2021,8999.699999999999,14847.57,14857.0,18057.4
Vivo,X60 Pro 256GB,190.0,12.0,32.0,48.0,Qualcomm Snapdragon 870,4200.0,6.56,109999.0,44999.0,3999.0,899.0,1999.0,2021,32999.7,45708.57,74617.0,45177.4
Vivo,X60 Pro 512GB,190.0,12.0,32.0,48.0,Qualcomm Snapdragon 870,4200.0,6.56,119999.0,49999.0,4199.0,999.0,2099.0,2021,35999.7,47994.57,82917.0,47437.4
Vivo,V20 Pro 128GB,173.0,8.0,44.0,64.0,Qualcomm Snapdragon 765G,4000.0,6.44,49999.0,25999.0,2699.0,499.0,1499.0,2020,14999.699999999999,30849.57,41417.0,33877.4
Vivo,V20 Pro 256GB,173.0,8.0,44.0,64.0,Qualcomm Snapdragon 765G,4000.0,6.44,54999.0,29999.0,2999.0,549.0,1699.0,2020,16499.7,34278.57,45567.0,38397.4
Vivo,Y75 5G 128GB,179.0,8.0,16.0,50.0,MediaTek Dimensity 700,5000.0,6.58,54999.0,21999.0,2199.0,349.0,1299.0,2021,16499.7,25134.57,28967.0,29357.4
Vivo,Y75 5G 256GB,179.0,8.0,16.0,50.0,MediaTek Dimensity 700,5000.0,6.58,59999.0,25999.0,2499.0,399.0,1499.0,2021,17999.7,28563.57,33117.0,33877.4
Vivo,Y53s 128GB,190.0,6.0,16.0,64.0,MediaTek Helio G80,5000.0,6.58,34999.0,16999.0,1699.0,229.0,899.0,2021,10499.699999999999,19419.57,19007.0,20317.4
Vivo,Y53s 64GB,190.0,6.0,16.0,64.0,MediaTek Helio G80,5000.0,6.58,29999.0,13999.0,1299.0,179.0,799.0,2021,8999.699999999999,14847.57,14857.0,18057.4
Vivo,V15 Pro 128GB,185.0,6.0,32.0,48.0,Qualcomm Snapdragon 675,3700.0,6.39,44999.0,25999.0,2499.0,399.0,1499.0,2019,13499.699999999999,28563.57,33117.0,33877.4
Vivo,V15 Pro 256GB,185.0,6.0,32.0,48.0,Qualcomm Snapdragon 675,3700.0,6.39,49999.0,29999.0,2799.0,449.0,1699.0,2019,14999.699999999999,31992.57,37267.0,38397.4
Vivo,X70 Pro 128GB,185.0,8.0,32.0,50.0,MediaTek Dimensity 1200,4450.0,6.56,99999.0,39999.0,4299.0,749.0,2099.0,2021,29999.699999999997,49137.57,62167.0,47437.4
Vivo,X70 Pro 256GB,185.0,8.0,32.0,50.0,MediaTek Dimensity 1200,4450.0,6.56,109999.0,44999.0,4699.0,799.0,2299.0,2021,32999.7,53709.57,66317.0,51957.4
Vivo,T1 5G 128GB,181.0,6.0,16.0,50.0,Qualcomm Snapdragon 695,5000.0,6.58,39999.0,17999.0,1799.0,269.0,999.0,2022,11999.699999999999,20562.57,22327.0,22577.4
Vivo,T1 5G 256GB,181.0,8.0,16.0,50.0,Qualcomm Snapdragon 695,5000.0,6.58,44999.0,21999.0,1999.0,319.0,1099.0,2022,13499.699999999999,22848.57,26477.0,24837.4
Vivo,X30 Pro 128GB,199.0,8.0,32.0,64.0,Qualcomm Snapdragon 855,4200.0,6.44,109999.0,47999.0,4599.0,899.0,2299.0,2019,32999.7,52566.57,74617.0,51957.4
Vivo,X30 Pro 256GB,199.0,8.0,32.0,64.0,Qualcomm Snapdragon 855,4200.0,6.44,119999.0,54999.0,5199.0,949.0,2499.0,2019,35999.7,59424.57,78767.0,56477.4
Vivo,V27 128GB,182.0,8.0,50.0,50.0,MediaTek Dimensity 8200,4600.0,6.78,79999.0,29999.0,2999.0,599.0,1699.0,2023,23999.7,34278.57,49717.0,38397.4
Vivo,V27 256GB,182.0,8.0,50.0,50.0,MediaTek Dimensity 8200,4600.0,6.78,84999.0,32999.0,3199.0,649.0,1899.0,2023,25499.7,36564.57,53867.0,42917.4
Vivo,V27 Pro 128GB,182.0,8.0,50.0,50.0,MediaTek Dimensity 8200,4600.0,6.78,89999.0,34999.0,3299.0,699.0,1899.0,2023,26999.7,37707.57,58017.0,42917.4
Vivo,V27 Pro 256GB,182.0,8.0,50.0,50.0,MediaTek Dimensity 8200,4600.0,6.78,94999.0,37999.0,3499.0,749.0,2099.0,2023,28499.7,39993.57,62167.0,47437.4
Vivo,V25 Pro 128GB,190.0,8.0,32.0,64.0,MediaTek Dimensity 1300,4830.0,6.56,79999.0,25999.0,2799.0,599.0,1599.0,2022,23999.7,31992.57,49717.0,36137.4
Vivo,V25 Pro 256GB,190.0,8.0,32.0,64.0,MediaTek Dimensity 1300,4830.0,6.56,85999.0,29999.0,2999.0,649.0,1799.0,2022,25799.7,34278.57,53867.0,40657.4
Vivo,X90 Pro 256GB,221.0,12.0,32.0,50.0,MediaTek Dimensity 9200,4870.0,6.78,199999.0,69999.0,6999.0,1099.0,3999.0,2022,59999.7,79998.56999999999,91217.0,90377.40000000001
Vivo,X90 Pro 512GB,221.0,12.0,32.0,50.0,MediaTek Dimensity 9200,4870.0,6.78,229999.0,79999.0,7499.0,1199.0,4499.0,2022,68999.7,85713.56999999999,99517.0,101677.40000000001
Vivo,Y100 128GB,190.0,8.0,16.0,64.0,MediaTek Dimensity 900,4500.0,6.44,59999.0,19999.0,1999.0,399.0,1199.0,2023,17999.7,22848.57,33117.0,27097.4
Vivo,Y100 256GB,190.0,8.0,16.0,64.0,MediaTek Dimensity 900,4500.0,6.44,64999.0,22999.0,2199.0,449.0,1399.0,2023,19499.7,25134.57,37267.0,31617.4
Vivo,T2 Series 128GB,190.0,8.0,16.0,64.0,Qualcomm Snapdragon 695,4500.0,6.44,49999.0,15999.0,1699.0,299.0,999.0,2023,14999.699999999999,19419.57,24817.0,22577.4
Vivo,T2 Series 256GB,190.0,8.0,16.0,64.0,Qualcomm Snapdragon 695,4500.0,6.44,54999.0,18999.0,1799.0,349.0,1099.0,2023,16499.7,20562.57,28967.0,24837.4
Vivo,V23 5G 128GB,179.0,8.0,50.0,64.0,MediaTek Dimensity 920,4200.0,6.44,69999.0,27999.0,2799.0,499.0,1499.0,2022,20999.7,31992.57,41417.0,33877.4
Vivo,V23 5G 256GB,179.0,8.0,50.0,64.0,MediaTek Dimensity 920,4200.0,6.44,74999.0,32999.0,3199.0,549.0,1699.0,2022,22499.7,36564.57,45567.0,38397.4
Vivo,X80 256GB,206.0,12.0,32.0,50.0,MediaTek Dimensity 9000,4700.0,6.78,179999.0,59999.0,5999.0,899.0,3499.0,2022,53999.7,68568.56999999999,74617.0,79077.40000000001
Vivo,X80 512GB,206.0,12.0,32.0,50.0,MediaTek Dimensity 9000,4700.0,6.78,199999.0,69999.0,6499.0,999.0,3999.0,2022,59999.7,74283.56999999999,82917.0,90377.40000000001
Vivo,Y21 128GB,182.0,4.0,8.0,13.0,MediaTek Helio P35,5000.0,6.51,29999.0,12999.0,1299.0,199.0,699.0,2021,8999.699999999999,14847.57,16517.0,15797.400000000001
Vivo,Y21 64GB,182.0,4.0,8.0,13.0,MediaTek Helio P35,5000.0,6.51,26999.0,9999.0,1099.0,179.0,599.0,2021,8099.7,12561.57,14857.0,13537.400000000001
Vivo,Pad 128GB,498.0,6.0,8.0,13.0,Snapdragon 870,8040.0,11.0,64999.0,34999.0,2499.0,329.0,1199.0,2022,19499.7,28563.57,27307.0,27097.4
Vivo,Pad 2 256GB,535.0,8.0,8.0,50.0,MediaTek Dimensity 1200,8040.0,11.0,74999.0,39999.0,3199.0,399.0,1399.0,2023,22499.7,36564.57,33117.0,31617.4
Vivo,Pad Air 128GB,510.0,6.0,8.0,13.0,Snapdragon 870,8040.0,10.4,58999.0,31999.0,2199.0,279.0,999.0,2023,17699.7,25134.57,23157.0,22577.4
Vivo,Pad 3 128GB,500.0,6.0,8.0,13.0,Snapdragon 750G,8040.0,11.0,62999.0,34999.0,2399.0,349.0,1199.0,2023,18899.7,27420.57,28967.0,27097.4
Vivo,Pad 3 Pro 256GB,550.0,8.0,8.0,50.0,Snapdragon 888,8040.0,12.3,84999.0,45999.0,3599.0,449.0,1599.0,2023,25499.7,41136.57,37267.0,36137.4
Vivo,Pad 4 Pro 256GB,560.0,8.0,8.0,50.0,MediaTek Dimensity 9000,8040.0,12.9,94999.0,49999.0,4299.0,499.0,1799.0,2024,28499.7,49137.57,41417.0,40657.4
iQOO,Pad 128GB,520.0,6.0,8.0,13.0,Snapdragon 870,8040.0,11.0,69999.0,37999.0,2699.0,349.0,1299.0,2023,20999.7,30849.57,28967.0,29357.4
iQOO,Pad 2 256GB,540.0,8.0,8.0,50.0,Snapdragon 888,8040.0,12.3,79999.0,43999.0,3499.0,399.0,1499.0,2024,23999.7,39993.57,33117.0,33877.4
iQOO,Pad 2 Pro 256GB,555.0,8.0,8.0,50.0,Snapdragon 8 Gen 1,8040.0,12.3,89999.0,49999.0,3899.0,449.0,1699.0,2024,26999.7,44565.57,37267.0,38397.4
Oppo,Find N3 512GB,239.0,12.0,32.0,486448.0,Snapdragon 8 Gen 2,4805.0,7.82,299999.0,159999.0,9999.0,1399.0,5199.0,2023,89999.7,114288.56999999999,116117.0,117497.40000000001
Oppo,Find N3 Flip 256GB,198.0,12.0,32.0,503248.0,MediaTek Dimensity 9200,4300.0,6.8,199999.0,109999.0,6999.0,999.0,3699.0,2023,59999.7,79998.56999999999,82917.0,83597.40000000001
Oppo,Find X8 Pro 256GB,210.0,12.0,32.0,505050.0,Snapdragon 8 Gen 2,5000.0,6.8,249999.0,139999.0,8999.0,1299.0,4799.0,2024,74999.7,102858.56999999999,107817.0,108457.40000000001
Oppo,Find X8 256GB,195.0,8.0,32.0,5050.0,Snapdragon 8 Gen 2,4800.0,6.7,199999.0,119999.0,7499.0,1099.0,4099.0,2024,59999.7,85713.56999999999,91217.0,92637.40000000001
Oppo,Reno13 F 4G 256GB,192.0,8.0,32.0,5082.0,MediaTek Helio G100,5800.0,6.67,79999.0,44999.0,3499.0,499.0,1899.0,2025,23999.7,39993.57,41417.0,42917.4
Oppo,Reno13 F 256GB,192.0,8.0,32.0,5082.0,MediaTek Helio G100,5800.0,6.67,79999.0,44999.0,3499.0,499.0,1899.0,2025,23999.7,39993.57,41417.0,42917.4
Oppo,Reno13 Pro 512GB,210.0,12.0,50.0,50508.0,MediaTek Dimensity 8350,5800.0,6.83,129999.0,69999.0,5999.0,799.0,2999.0,2025,38999.7,68568.56999999999,66317.0,67777.40000000001
Oppo,Reno13 256GB,200.0,12.0,50.0,508.0,MediaTek Dimensity 8350,5600.0,6.59,99999.0,54999.0,4999.0,699.0,2599.0,2025,29999.699999999997,57138.57,58017.0,58737.4
Oppo,Reno12 F 4G 256GB,187.0,8.0,32.0,5082.0,Snapdragon 685,5000.0,6.7,69999.0,39999.0,3199.0,449.0,1699.0,2024,20999.7,36564.57,37267.0,38397.4
Oppo,Reno12 F 256GB,187.0,8.0,32.0,5082.0,Snapdragon 685,5000.0,6.7,69999.0,39999.0,3199.0,449.0,1699.0,2024,20999.7,36564.57,37267.0,38397.4
Oppo,Reno12 Pro 512GB,190.0,12.0,32.0,50328.0,MediaTek Dimensity 8200,4600.0,6.74,119999.0,64999.0,5499.0,749.0,2799.0,2024,35999.7,62853.57,62167.0,63257.4
Oppo,Reno12 256GB,185.0,8.0,32.0,508.0,MediaTek Dimensity 7050,5000.0,6.7,89999.0,49999.0,3999.0,599.0,2199.0,2024,26999.7,45708.57,49717.0,49697.4
Oppo,Reno11 F 256GB,185.0,8.0,32.0,6482.0,MediaTek Dimensity 7050,5000.0,6.7,79999.0,44999.0,3499.0,499.0,1899.0,2024,23999.7,39993.57,41417.0,42917.4
Oppo,Reno11 Pro 512GB,190.0,12.0,32.0,50328.0,MediaTek Dimensity 8200,4600.0,6.74,109999.0,59999.0,4999.0,699.0,2599.0,2024,32999.7,57138.57,58017.0,58737.4
Oppo,A5 Pro 256GB,180.0,8.0,16.0,502.0,Dimensity 7300,6000.0,6.7,89999.0,49999.0,3999.0,599.0,2199.0,2024,26999.7,45708.57,49717.0,49697.4
Oppo,A5 Pro 512GB,186.0,12.0,16.0,502.0,Dimensity 7300,6000.0,6.7,99999.0,54999.0,4499.0,699.0,2499.0,2024,29999.699999999997,51423.57,58017.0,56477.4
Oppo,A80 256GB,186.0,8.0,8.0,502.0,Dimensity 6300,5100.0,6.67,79999.0,44999.0,3499.0,499.0,1899.0,2024,23999.7,39993.57,41417.0,42917.4
Oppo,A3 4G 128GB,186.0,4.0,5.0,50.0,Snapdragon 6s 4G Gen 1,5000.0,6.7,59999.0,34999.0,2999.0,399.0,1499.0,2024,17999.7,34278.57,33117.0,33877.4
Oppo,A3x 4G 128GB,186.0,4.0,8.0,82.0,Snapdragon 6s 4G Gen 1,5100.0,6.67,64999.0,36999.0,3199.0,449.0,1699.0,2024,19499.7,36564.57,37267.0,38397.4
Oppo,A3x 4G 256GB,186.0,6.0,8.0,82.0,Snapdragon 6s 4G Gen 1,5100.0,6.67,69999.0,39999.0,3499.0,499.0,1899.0,2024,20999.7,39993.57,41417.0,42917.4
Oppo,A3 128GB,186.0,4.0,5.0,50.0,Snapdragon 6s 4G Gen 1,5000.0,6.7,59999.0,34999.0,2999.0,399.0,1499.0,2024,17999.7,34278.57,33117.0,33877.4
Oppo,A3x 128GB,186.0,4.0,8.0,82.0,Snapdragon 6s 4G Gen 1,5100.0,6.67,64999.0,36999.0,3199.0,449.0,1699.0,2024,19499.7,36564.57,37267.0,38397.4
Oppo,A3x 256GB,186.0,6.0,8.0,82.0,Snapdragon 6s 4G Gen 1,5100.0,6.67,69999.0,39999.0,3499.0,499.0,1899.0,2024,20999.7,39993.57,41417.0,42917.4
Oppo,A3 128GB,186.0,4.0,5.0,50.0,Snapdragon 6s 4G Gen 1,5000.0,6.7,59999.0,34999.0,2999.0,399.0,1499.0,2024,17999.7,34278.57,33117.0,33877.4
Oppo,A60 128GB,186.0,8.0,8.0,502.0,Snapdragon 680 4G,5000.0,6.67,69999.0,39999.0,3199.0,449.0,1699.0,2024,20999.7,36564.57,37267.0,38397.4
Oppo,A60 256GB,186.0,8.0,8.0,502.0,Snapdragon 680 4G,5000.0,6.67,74999.0,42999.0,3499.0,499.0,1899.0,2024,22499.7,39993.57,41417.0,42917.4
Oppo,K12 Plus 256GB,192.0,8.0,16.0,50.0,Snapdragon 7 Gen 3,6400.0,6.7,109999.0,59999.0,4999.0,699.0,2599.0,2024,32999.7,57138.57,58017.0,58737.4
Oppo,K12 Plus 512GB,192.0,12.0,16.0,50.0,Snapdragon 7 Gen 3,6400.0,6.7,119999.0,64999.0,5499.0,799.0,2999.0,2024,35999.7,62853.57,66317.0,67777.40000000001
Oppo,F27 128GB,175.0,8.0,32.0,642.0,Dimensity 7050,5000.0,6.7,79999.0,44999.0,3499.0,499.0,1899.0,2024,23999.7,39993.57,41417.0,42917.4
Oppo,F27 256GB,175.0,8.0,32.0,642.0,Dimensity 7050,5000.0,6.7,84999.0,47999.0,3799.0,549.0,2099.0,2024,25499.7,43422.57,45567.0,47437.4
Oppo,F27 Pro+ 256GB,177.0,8.0,32.0,642.0,Dimensity 7050,5000.0,6.7,89999.0,49999.0,3999.0,599.0,2199.0,2024,26999.7,45708.57,49717.0,49697.4
Oppo,F27 Pro+ 512GB,177.0,12.0,32.0,642.0,Dimensity 7050,5000.0,6.7,99999.0,54999.0,4499.0,699.0,2499.0,2024,29999.699999999997,51423.57,58017.0,56477.4
Oppo,F25 Pro 128GB,173.0,8.0,32.0,642.0,Snapdragon 778G,4500.0,6.55,74999.0,42999.0,3499.0,549.0,1999.0,2023,22499.7,39993.57,45567.0,45177.4
Oppo,F25 Pro 256GB,173.0,8.0,32.0,642.0,Snapdragon 778G,4500.0,6.55,79999.0,44999.0,3799.0,599.0,2199.0,2023,23999.7,43422.57,49717.0,49697.4
Oppo,Pad 3 128GB,533.0,8.0,8.0,13.0,Dimensity 8350,9510.0,11.6,99999.0,54999.0,4499.0,699.0,2499.0,2024,29999.699999999997,51423.57,58017.0,56477.4
Oppo,Pad 3 256GB,533.0,12.0,8.0,13.0,Dimensity 8350,9510.0,11.6,109999.0,59999.0,4999.0,799.0,2799.0,2024,32999.7,57138.57,66317.0,63257.4
Oppo,Pad 3 Pro 256GB,586.0,12.0,8.0,13.0,Snapdragon 8 Gen 3,9510.0,12.1,119999.0,64999.0,5499.0,899.0,3299.0,2024,35999.7,62853.57,74617.0,74557.40000000001
Oppo,Pad 3 Pro 512GB,586.0,16.0,8.0,13.0,Snapdragon 8 Gen 3,9510.0,12.1,129999.0,69999.0,5999.0,999.0,3699.0,2024,38999.7,68568.56999999999,82917.0,83597.40000000001
Oppo,Pad Neo 128GB,520.0,6.0,8.0,13.0,Snapdragon 870,8360.0,11.0,79999.0,44999.0,3499.0,499.0,1899.0,2023,23999.7,39993.57,41417.0,42917.4
Oppo,Pad Neo 256GB,520.0,8.0,8.0,13.0,Snapdragon 870,8360.0,11.0,89999.0,49999.0,3999.0,599.0,2199.0,2023,26999.7,45708.57,49717.0,49697.4
Oppo,Find X7 Ultra 256GB,221.0,12.0,32.0,505050.0,Snapdragon 8 Gen 3,5000.0,6.82,199999.0,109999.0,7999.0,1199.0,4399.0,2024,59999.7,91428.56999999999,99517.0,99417.40000000001
Oppo,Find X7 Ultra 512GB,221.0,16.0,32.0,505050.0,Snapdragon 8 Gen 3,5000.0,6.82,219999.0,119999.0,8999.0,1299.0,4799.0,2024,65999.7,102858.56999999999,107817.0,108457.40000000001
Oppo,Find X7 256GB,206.0,12.0,32.0,505064.0,Dimensity 9300,5000.0,6.78,179999.0,99999.0,6999.0,1099.0,3999.0,2024,53999.7,79998.56999999999,91217.0,90377.40000000001
Oppo,Find X7 512GB,206.0,16.0,32.0,505064.0,Dimensity 9300,5000.0,6.78,199999.0,109999.0,7999.0,1199.0,4399.0,2024,59999.7,91428.56999999999,99517.0,99417.40000000001
Oppo,Find X6 Pro 256GB,218.0,12.0,32.0,505050.0,Snapdragon 8 Gen 2,5000.0,6.82,169999.0,94999.0,6499.0,999.0,3699.0,2023,50999.7,74283.56999999999,82917.0,83597.40000000001
Oppo,Find X6 Pro 512GB,218.0,16.0,32.0,505050.0,Snapdragon 8 Gen 2,5000.0,6.82,189999.0,104999.0,7499.0,1099.0,4099.0,2023,56999.7,85713.56999999999,91217.0,92637.40000000001
Oppo,Find X6 256GB,207.0,12.0,32.0,505050.0,Dimensity 9200,4800.0,6.74,149999.0,84999.0,5999.0,899.0,3299.0,2023,44999.7,68568.56999999999,74617.0,74557.40000000001
Oppo,Find X6 512GB,207.0,16.0,32.0,505050.0,Dimensity 9200,4800.0,6.74,169999.0,94999.0,6999.0,999.0,3699.0,2023,50999.7,79998.56999999999,82917.0,83597.40000000001
Oppo,Find X5 Pro 256GB,218.0,12.0,32.0,505013.0,Snapdragon 8 Gen 1,5000.0,6.7,159999.0,89999.0,5999.0,899.0,3299.0,2022,47999.7,68568.56999999999,74617.0,74557.40000000001
Oppo,Find X5 Pro 512GB,218.0,16.0,32.0,505013.0,Snapdragon 8 Gen 1,5000.0,6.7,179999.0,99999.0,6999.0,999.0,3699.0,2022,53999.7,79998.56999999999,82917.0,83597.40000000001
Oppo,Find X5 256GB,196.0,8.0,32.0,505013.0,Snapdragon 888,4800.0,6.55,139999.0,79999.0,4999.0,799.0,2999.0,2022,41999.7,57138.57,66317.0,67777.40000000001
Oppo,Find N2 Flip 256GB,191.0,8.0,32.0,508.0,Dimensity 9000+,4300.0,6.8,149999.0,84999.0,5999.0,899.0,3299.0,2023,44999.7,68568.56999999999,74617.0,74557.40000000001
Oppo,Find N2 Flip 512GB,191.0,12.0,32.0,508.0,Dimensity 9000+,4300.0,6.8,169999.0,94999.0,6999.0,999.0,3699.0,2023,50999.7,79998.56999999999,82917.0,83597.40000000001
Oppo,Find N2 256GB,233.0,12.0,32.0,504832.0,Snapdragon 8+ Gen 1,4520.0,7.1,179999.0,99999.0,6999.0,1099.0,3999.0,2022,53999.7,79998.56999999999,91217.0,90377.40000000001
Oppo,Reno10 5G 128GB,180.0,8.0,32.0,64328.0,Dimensity 7050,5000.0,6.7,129999.0,38999.0,2699.0,499.0,1899.0,2023,38999.7,30849.57,41417.0,42917.4
Oppo,Reno10 5G 256GB,180.0,8.0,32.0,64328.0,Dimensity 7050,5000.0,6.7,149999.0,42999.0,2999.0,549.0,2099.0,2023,44999.7,34278.57,45567.0,47437.4
Oppo,Reno10 Pro 5G 256GB,186.0,12.0,32.0,50328.0,Snapdragon 778G,4600.0,6.7,169999.0,44999.0,3499.0,599.0,2299.0,2023,50999.7,39993.57,49717.0,51957.4
Oppo,Reno10 Pro+ 5G 256GB,194.0,16.0,32.0,50648.0,Snapdragon 8+ Gen 1,4700.0,6.74,199999.0,54999.0,3999.0,699.0,2599.0,2023,59999.7,45708.57,58017.0,58737.4
Oppo,Reno9 5G 128GB,174.0,8.0,32.0,642.0,Snapdragon 778G,4500.0,6.7,109999.0,32999.0,2399.0,449.0,1699.0,2022,32999.7,27420.57,37267.0,38397.4
Oppo,Reno9 5G 256GB,174.0,12.0,32.0,642.0,Snapdragon 778G,4500.0,6.7,129999.0,36999.0,2699.0,499.0,1899.0,2022,38999.7,30849.57,41417.0,42917.4
Oppo,Reno9 Pro 5G 256GB,184.0,16.0,32.0,508.0,Dimensity 8100,4500.0,6.7,159999.0,42999.0,3299.0,599.0,2199.0,2022,47999.7,37707.57,49717.0,49697.4
Oppo,Reno9 Pro+ 5G 256GB,192.0,16.0,32.0,5082.0,Snapdragon 8+ Gen 1,4700.0,6.7,189999.0,52999.0,3799.0,649.0,2499.0,2022,56999.7,43422.57,53867.0,56477.4
Oppo,Reno8 5G 128GB,179.0,8.0,32.0,5082.0,Dimensity 1300,4500.0,6.4,89999.0,29999.0,2199.0,399.0,1499.0,2022,26999.7,25134.57,33117.0,33877.4
Oppo,Reno8 5G 256GB,179.0,12.0,32.0,5082.0,Dimensity 1300,4500.0,6.4,99999.0,34999.0,2499.0,449.0,1699.0,2022,29999.699999999997,28563.57,37267.0,38397.4
Oppo,Reno8 Pro 5G 256GB,183.0,12.0,32.0,5082.0,Dimensity 8100,4500.0,6.7,129999.0,42999.0,3099.0,549.0,1999.0,2022,38999.7,35421.57,45567.0,45177.4
Oppo,Reno8 Pro+ 5G 256GB,195.0,12.0,32.0,5082.0,Dimensity 8100,4500.0,6.7,139999.0,46999.0,3399.0,599.0,2199.0,2022,41999.7,38850.57,49717.0,49697.4
Oppo,Reno7 5G 128GB,173.0,8.0,32.0,6482.0,Dimensity 900,4500.0,6.4,79999.0,28999.0,1999.0,349.0,1299.0,2021,23999.7,22848.57,28967.0,29357.4
Oppo,Reno7 5G 256GB,173.0,12.0,32.0,6482.0,Dimensity 900,4500.0,6.4,89999.0,32999.0,2199.0,399.0,1499.0,2021,26999.7,25134.57,33117.0,33877.4
Oppo,Reno7 Pro 5G 256GB,180.0,12.0,32.0,5082.0,Dimensity 1200,4500.0,6.55,109999.0,39999.0,2799.0,499.0,1799.0,2021,32999.7,31992.57,41417.0,40657.4
Oppo,Reno6 5G 128GB,182.0,8.0,32.0,6482.0,Dimensity 900,4300.0,6.43,79999.0,29999.0,2399.0,349.0,1299.0,2021,23999.7,27420.57,28967.0,29357.4
Oppo,Reno6 5G 256GB,182.0,12.0,32.0,6482.0,Dimensity 900,4300.0,6.43,89999.0,32999.0,2699.0,399.0,1499.0,2021,26999.7,30849.57,33117.0,33877.4
Oppo,Reno6 Pro 5G 128GB,177.0,8.0,32.0,64822.0,Dimensity 1200,4500.0,6.55,99999.0,39999.0,2999.0,449.0,1699.0,2021,29999.699999999997,34278.57,37267.0,38397.4
Oppo,Reno6 Pro 5G 256GB,177.0,12.0,32.0,64822.0,Dimensity 1200,4500.0,6.55,109999.0,44999.0,3299.0,499.0,1899.0,2021,32999.7,37707.57,41417.0,42917.4
Oppo,Reno6 Pro+ 5G 256GB,188.0,12.0,32.0,5013162.0,Snapdragon 870,4500.0,6.55,129999.0,49999.0,3999.0,599.0,2199.0,2021,38999.7,45708.57,49717.0,49697.4
Oppo,Reno5 5G 128GB,180.0,8.0,32.0,64822.0,Snapdragon 765G,4300.0,6.43,69999.0,26999.0,2099.0,299.0,1099.0,2020,20999.7,23991.57,24817.0,24837.4
Oppo,Reno5 5G 256GB,180.0,12.0,32.0,64822.0,Snapdragon 765G,4300.0,6.43,79999.0,29999.0,2399.0,349.0,1299.0,2020,23999.7,27420.57,28967.0,29357.4
Oppo,Reno5 Pro 5G 128GB,173.0,8.0,32.0,64822.0,Dimensity 1000+,4350.0,6.55,89999.0,32999.0,2799.0,399.0,1499.0,2020,26999.7,31992.57,33117.0,33877.4
Oppo,Reno5 Pro 5G 256GB,173.0,12.0,32.0,64822.0,Dimensity 1000+,4350.0,6.55,99999.0,36999.0,3099.0,449.0,1699.0,2020,29999.699999999997,35421.57,37267.0,38397.4
Oppo,Reno5 Pro+ 5G 256GB,184.0,12.0,32.0,5016132.0,Snapdragon 865,4500.0,6.55,119999.0,44999.0,3799.0,599.0,2099.0,2020,35999.7,43422.57,49717.0,47437.4
Oppo,Reno4 5G 128GB,183.0,8.0,32.0,48822.0,Snapdragon 765G,4000.0,6.43,59999.0,24999.0,1899.0,299.0,999.0,2020,17999.7,21705.57,24817.0,22577.4
Oppo,Reno4 5G 256GB,183.0,8.0,32.0,48822.0,Snapdragon 765G,4000.0,6.43,69999.0,26999.0,2199.0,349.0,1199.0,2020,20999.7,25134.57,28967.0,27097.4
Oppo,Reno4 Pro 5G 256GB,172.0,12.0,32.0,481312.0,Snapdragon 765G,4000.0,6.55,99999.0,39999.0,3299.0,499.0,1799.0,2020,29999.699999999997,37707.57,41417.0,40657.4
Oppo,Reno3 5G 128GB,181.0,8.0,32.0,64822.0,Dimensity 1000L,4025.0,6.4,49999.0,22999.0,1799.0,249.0,899.0,2019,14999.699999999999,20562.57,20667.0,20317.4
Oppo,Reno3 5G 256GB,181.0,12.0,32.0,64822.0,Dimensity 1000L,4025.0,6.4,59999.0,26999.0,2099.0,299.0,1099.0,2019,17999.7,23991.57,24817.0,24837.4
Oppo,Reno3 Pro 5G 256GB,171.0,12.0,32.0,481382.0,Snapdragon 765G,4025.0,6.5,79999.0,34999.0,3299.0,499.0,1799.0,2019,23999.7,37707.57,41417.0,40657.4
Oppo,A59 5G 128GB,186.0,6.0,8.0,132.0,MediaTek Dimensity 6020,5000.0,6.56,39999.0,14999.0,1699.0,199.0,1000.0,2023,11999.699999999999,19419.57,16517.0,22600.0
Oppo,A59 5G 256GB,186.0,8.0,8.0,132.0,MediaTek Dimensity 6020,5000.0,6.56,44999.0,16999.0,1899.0,229.0,1200.0,2023,13499.699999999999,21705.57,19007.0,27120.0
Oppo,A58 5G 256GB,188.0,8.0,8.0,502.0,MediaTek Dimensity 700,5000.0,6.56,49999.0,19000.0,1699.0,249.0,1300.0,2022,14999.699999999999,19419.57,20667.0,29380.000000000004
Oppo,A57 5G 128GB,186.0,6.0,8.0,132.0,MediaTek Dimensity 810,5000.0,6.56,34999.0,15999.0,1599.0,219.0,1100.0,2022,10499.699999999999,18276.57,18177.0,24860.0
Oppo,A56 5G 128GB,189.0,6.0,8.0,132.0,MediaTek Dimensity 700,5000.0,6.5,32999.0,14999.0,1499.0,199.0,1000.0,2021,9899.699999999999,17133.57,16517.0,22600.0
Oppo,A55 5G 128GB,186.0,6.0,8.0,1322.0,MediaTek Dimensity 700,5000.0,6.5,29999.0,13999.0,1399.0,189.0,950.0,2021,8999.699999999999,15990.57,15687.0,21470.0
Oppo,A54 5G 128GB,190.0,6.0,16.0,48822.0,Qualcomm Snapdragon 480,5000.0,6.5,34999.0,15999.0,1599.0,219.0,1100.0,2021,10499.699999999999,18276.57,18177.0,24860.0
Oppo,A53 5G 128GB,175.0,4.0,8.0,1622.0,MediaTek Dimensity 720,4040.0,6.5,27999.0,12999.0,1299.0,179.0,900.0,2020,8399.699999999999,14847.57,14857.0,20340.0
Oppo,A52 5G 128GB,184.0,4.0,8.0,12822.0,MediaTek Dimensity 720,4000.0,6.5,25999.0,11999.0,1199.0,169.0,850.0,2020,7799.7,13704.57,14027.0,19210.0
Oppo,A51 5G 128GB,186.0,4.0,8.0,1322.0,MediaTek Dimensity 700,4000.0,6.5,23999.0,10999.0,1099.0,149.0,800.0,2020,7199.7,12561.57,12367.0,18080.0
Oppo,A50 5G 128GB,185.0,4.0,8.0,132.0,MediaTek Dimensity 700,4000.0,6.5,21999.0,9999.0,999.0,139.0,750.0,2020,6599.7,11418.57,11537.0,16950.0
Oppo,A49 5G 128GB,185.0,4.0,8.0,132.0,MediaTek Dimensity 700,4000.0,6.5,19999.0,8999.0,899.0,129.0,700.0,2020,5999.7,10275.57,10707.0,15820.000000000002
Oppo,A40 128GB,186.0,4.0,5.0,50.0,Qualcomm Snapdragon 6s Gen 1,5100.0,6.67,39999.0,19999.0,1499.0,199.0,1000.0,2024,11999.699999999999,17133.57,16517.0,22600.0
Oppo,A40 256GB,186.0,6.0,5.0,50.0,Qualcomm Snapdragon 6s Gen 1,5100.0,6.67,44999.0,22999.0,1799.0,229.0,1200.0,2024,13499.699999999999,20562.57,19007.0,27120.0
Oppo,K11x 128GB,195.0,8.0,16.0,1082.0,Qualcomm Snapdragon 695,5000.0,6.72,59999.0,18000.0,1499.0,199.0,1000.0,2023,17999.7,17133.57,16517.0,22600.0
Oppo,K11x 256GB,195.0,12.0,16.0,1082.0,Qualcomm Snapdragon 695,5000.0,6.72,64999.0,20000.0,1699.0,229.0,1200.0,2023,19499.7,19419.57,19007.0,27120.0
Oppo,K10x 128GB,195.0,6.0,16.0,6422.0,Qualcomm Snapdragon 695,5000.0,6.59,54999.0,16990.0,1499.0,199.0,1000.0,2022,16499.7,17133.57,16517.0,22600.0
Oppo,K10x 256GB,195.0,8.0,16.0,6422.0,Qualcomm Snapdragon 695,5000.0,6.59,59999.0,18990.0,1699.0,229.0,1200.0,2022,17999.7,19419.57,19007.0,27120.0
Oppo,K10 5G 128GB,205.0,8.0,16.0,6482.0,MediaTek Dimensity 8000-Max,5000.0,6.59,64999.0,19999.0,1799.0,249.0,1300.0,2022,19499.7,20562.57,20667.0,29380.000000000004
Oppo,K9x 128GB,194.0,6.0,16.0,6422.0,MediaTek Dimensity 810,5000.0,6.5,49999.0,15999.0,1499.0,199.0,1000.0,2021,14999.699999999999,17133.57,16517.0,22600.0
Oppo,K9x 256GB,194.0,8.0,16.0,6422.0,MediaTek Dimensity 810,5000.0,6.5,54999.0,17999.0,1699.0,229.0,1200.0,2021,16499.7,19419.57,19007.0,27120.0
Oppo,K9 Pro 5G 128GB,180.0,8.0,16.0,6482.0,MediaTek Dimensity 1200,4500.0,6.43,69999.0,24999.0,2199.0,299.0,1500.0,2021,20999.7,25134.57,24817.0,33900.0
Oppo,K9 Pro 5G 256GB,180.0,12.0,16.0,6482.0,MediaTek Dimensity 1200,4500.0,6.43,74999.0,27999.0,2499.0,329.0,1700.0,2021,22499.7,28563.57,27307.0,38420.0
Oppo,K9 5G 128GB,172.0,8.0,32.0,6482.0,Qualcomm Snapdragon 768G,4300.0,6.43,59999.0,22999.0,1999.0,279.0,1400.0,2021,17999.7,22848.57,23157.0,31640.000000000004
Oppo,K9 5G 256GB,172.0,8.0,32.0,6482.0,Qualcomm Snapdragon 768G,4300.0,6.43,64999.0,24999.0,2199.0,299.0,1500.0,2021,19499.7,25134.57,24817.0,33900.0
Oppo,K7x 128GB,194.0,6.0,16.0,48822.0,MediaTek Dimensity 720,5000.0,6.5,44999.0,14999.0,1499.0,199.0,1000.0,2020,13499.699999999999,17133.57,16517.0,22600.0
Oppo,K7 5G 128GB,180.0,8.0,32.0,48822.0,Qualcomm Snapdragon 765G,4025.0,6.4,49999.0,19999.0,1999.0,279.0,1400.0,2020,14999.699999999999,22848.57,23157.0,31640.000000000004
Oppo,K7 5G 256GB,180.0,8.0,32.0,48822.0,Qualcomm Snapdragon 765G,4025.0,6.4,54999.0,21999.0,2199.0,299.0,1500.0,2020,16499.7,25134.57,24817.0,33900.0
Oppo,K11x 128GB,195.0,8.0,16.0,1082.0,Qualcomm Snapdragon 695,5000.0,6.72,59999.0,18000.0,1499.0,199.0,1000.0,2023,17999.7,17133.57,16517.0,22600.0
Oppo,K11x 256GB,195.0,12.0,16.0,1082.0,Qualcomm Snapdragon 695,5000.0,6.72,64999.0,20000.0,1699.0,229.0,1200.0,2023,19499.7,19419.57,19007.0,27120.0
Oppo,K11 128GB,184.0,8.0,16.0,6482.0,Qualcomm Snapdragon 782G,5000.0,6.7,69999.0,21999.0,1899.0,259.0,1300.0,2023,20999.7,21705.57,21497.0,29380.000000000004
Oppo,K11 256GB,184.0,12.0,16.0,6482.0,Qualcomm Snapdragon 782G,5000.0,6.7,74999.0,24999.0,2199.0,299.0,1500.0,2023,22499.7,25134.57,24817.0,33900.0
Oppo,K10x 128GB,195.0,6.0,16.0,6422.0,Qualcomm Snapdragon 695,5000.0,6.59,54999.0,16990.0,1499.0,199.0,1000.0,2022,16499.7,17133.57,16517.0,22600.0
Oppo,K10x 256GB,195.0,8.0,16.0,6422.0,Qualcomm Snapdragon 695,5000.0,6.59,59999.0,18990.0,1699.0,229.0,1200.0,2022,17999.7,19419.57,19007.0,27120.0
Oppo,K10 5G 128GB,205.0,8.0,16.0,6482.0,MediaTek Dimensity 8000-Max,5000.0,6.59,64999.0,19999.0,1799.0,249.0,1300.0,2022,19499.7,20562.57,20667.0,29380.000000000004
Oppo,K10 5G 256GB,205.0,12.0,16.0,6482.0,MediaTek Dimensity 8000-Max,5000.0,6.59,69999.0,22999.0,2099.0,279.0,1500.0,2022,20999.7,23991.57,23157.0,33900.0
Oppo,K9x 128GB,194.0,6.0,16.0,6422.0,MediaTek Dimensity 810,5000.0,6.5,49999.0,15999.0,1499.0,199.0,1000.0,2021,14999.699999999999,17133.57,16517.0,22600.0
Oppo,K9x 256GB,194.0,8.0,16.0,6422.0,MediaTek Dimensity 810,5000.0,6.5,54999.0,17999.0,1699.0,229.0,1200.0,2021,16499.7,19419.57,19007.0,27120.0
Oppo,K9 Pro 5G 128GB,180.0,8.0,16.0,6482.0,MediaTek Dimensity 1200,4500.0,6.43,69999.0,24999.0,2199.0,299.0,1500.0,2021,20999.7,25134.57,24817.0,33900.0
Oppo,K9 Pro 5G 256GB,180.0,12.0,16.0,6482.0,MediaTek Dimensity 1200,4500.0,6.43,74999.0,27999.0,2499.0,329.0,1700.0,2021,22499.7,28563.57,27307.0,38420.0
Oppo,K9 5G 128GB,172.0,8.0,32.0,6482.0,Qualcomm Snapdragon 768G,4300.0,6.43,59999.0,22999.0,1999.0,279.0,1400.0,2021,17999.7,22848.57,23157.0,31640.000000000004
Oppo,K9 5G 256GB,172.0,8.0,32.0,6482.0,Qualcomm Snapdragon 768G,4300.0,6.43,64999.0,24999.0,2199.0,299.0,1500.0,2021,19499.7,25134.57,24817.0,33900.0
Oppo,K7x 128GB,194.0,6.0,16.0,48822.0,MediaTek Dimensity 720,5000.0,6.5,44999.0,14999.0,1499.0,199.0,1000.0,2020,13499.699999999999,17133.57,16517.0,22600.0
Oppo,K7 5G 128GB,180.0,8.0,32.0,48822.0,Qualcomm Snapdragon 765G,4025.0,6.4,49999.0,19999.0,1999.0,279.0,1400.0,2020,14999.699999999999,22848.57,23157.0,31640.000000000004
Realme,GT 7 Pro 128GB,222.8,12.0,16.0,50508.0,Qualcomm Snapdragon 8 Elite,6500.0,6.78,139999.0,59999.0,3400.0,470.0,1725.0,2024,41999.7,38862.0,39010.0,38985.0
Realme,GT 7 Pro 256GB,222.8,16.0,16.0,50508.0,Qualcomm Snapdragon 8 Elite,6500.0,6.78,149999.0,65999.0,3600.0,500.0,1840.0,2024,44999.7,41148.0,41500.0,41584.0
Realme,GT 6 128GB,191.0,8.0,32.0,50850.0,Qualcomm Snapdragon 8s Gen 3,5500.0,6.78,89999.0,37999.0,2800.0,380.0,1400.0,2023,26999.7,32004.0,31540.0,31640.000000000004
Realme,GT 6 256GB,191.0,12.0,32.0,50850.0,Qualcomm Snapdragon 8s Gen 3,5500.0,6.78,94999.0,39999.0,2900.0,400.0,1460.0,2023,28499.7,33147.0,33200.0,32996.0
Realme,GT 6 512GB,191.0,16.0,32.0,50850.0,Qualcomm Snapdragon 8s Gen 3,5500.0,6.78,99999.0,41999.0,3000.0,420.0,1520.0,2023,29999.699999999997,34290.0,34860.0,34352.0
Realme,GT 6T 128GB,191.0,8.0,32.0,508.0,Qualcomm Snapdragon 7 Plus Gen 3,5500.0,6.78,84999.0,28756.0,2700.0,360.0,1330.0,2023,25499.7,30861.0,29880.0,30058.000000000004
Realme,GT 6T 256GB,191.0,8.0,32.0,508.0,Qualcomm Snapdragon 7 Plus Gen 3,5500.0,6.78,89999.0,30999.0,2800.0,380.0,1400.0,2023,26999.7,32004.0,31540.0,31640.000000000004
Realme,14 Pro+ 5G 256GB,184.0,12.0,16.0,50850.0,Qualcomm Snapdragon 7s Gen 3,6000.0,6.83,94999.0,34999.0,2600.0,340.0,1250.0,2025,28499.7,29718.0,28220.0,28250.0
Realme,14 Pro+ 5G 512GB,184.0,12.0,16.0,50850.0,Qualcomm Snapdragon 7s Gen 3,6000.0,6.83,99999.0,36999.0,2800.0,360.0,1320.0,2025,29999.699999999997,32004.0,29880.0,29832.000000000004
Realme,14 Pro 5G 128GB,184.0,8.0,16.0,508.0,MediaTek Dimensity 7300 Energy,5800.0,6.7,79999.0,29999.0,2400.0,320.0,1150.0,2025,23999.7,27432.0,26560.0,25990.0
Realme,14 Pro 5G 256GB,184.0,8.0,16.0,508.0,MediaTek Dimensity 7300 Energy,5800.0,6.7,84999.0,31999.0,2500.0,340.0,1210.0,2025,25499.7,28575.0,28220.0,27346.0
Realme,14x 5G 128GB,190.0,6.0,16.0,4822.0,Qualcomm Snapdragon 7s Gen 2,5500.0,6.6,64999.0,24999.0,2000.0,270.0,970.0,2025,19499.7,22860.0,22410.0,21922.0
Realme,14x 5G 256GB,190.0,8.0,16.0,4822.0,Qualcomm Snapdragon 7s Gen 2,5500.0,6.6,69999.0,26999.0,2100.0,290.0,1030.0,2025,20999.7,24003.0,24070.0,23278.0
Realme,13+ 5G 128GB,185.0,8.0,16.0,502.0,MediaTek Dimensity 7200,5000.0,6.5,59999.0,22999.0,1800.0,250.0,900.0,2024,17999.7,20574.0,20750.0,20340.0
Realme,13+ 5G 256GB,185.0,8.0,16.0,502.0,MediaTek Dimensity 7200,5000.0,6.5,64999.0,24999.0,1900.0,270.0,970.0,2024,19499.7,21717.0,22410.0,21922.0
Realme,13 5G 128GB,190.0,6.0,16.0,502.0,MediaTek Dimensity 6100+,5000.0,6.6,49999.0,18999.0,1500.0,220.0,800.0,2024,14999.699999999999,17145.0,18260.0,18080.0
Realme,13 5G 256GB,190.0,8.0,16.0,502.0,MediaTek Dimensity 6100+,5000.0,6.6,54999.0,20999.0,1600.0,240.0,860.0,2024,16499.7,18288.0,19920.0,19436.0
Realme,13 Pro 5G 128GB,192.0,8.0,16.0,5082.0,Qualcomm Snapdragon 7s Gen 2,5200.0,6.7,74999.0,27999.0,2200.0,300.0,1070.0,2024,22499.7,25146.0,24900.0,24182.0
Realme,13 Pro 5G 256GB,192.0,12.0,16.0,5082.0,Qualcomm Snapdragon 7s Gen 2,5200.0,6.7,79999.0,29999.0,2400.0,320.0,1140.0,2024,23999.7,27432.0,26560.0,25764.0
Realme,13 Pro+ 5G 256GB,195.0,12.0,32.0,50850.0,Qualcomm Snapdragon 7+ Gen 2,5500.0,6.78,94999.0,34999.0,2800.0,360.0,1320.0,2024,28499.7,32004.0,29880.0,29832.000000000004
Realme,13 Pro+ 5G 512GB,195.0,16.0,32.0,50850.0,Qualcomm Snapdragon 7+ Gen 2,5500.0,6.78,99999.0,36999.0,3000.0,380.0,1390.0,2024,29999.699999999997,34290.0,31540.0,31414.000000000004
Realme,P1 Speed 5G 128GB,185.0,8.0,16.0,642.0,MediaTek Dimensity 8100,5100.0,6.7,54999.0,19999.0,1800.0,250.0,900.0,2024,16499.7,20574.0,20750.0,20340.0
Realme,P1 Speed 5G 256GB,185.0,12.0,16.0,642.0,MediaTek Dimensity 8100,5100.0,6.7,59999.0,21999.0,1900.0,270.0,960.0,2024,17999.7,21717.0,22410.0,21696.0
Realme,P2 Pro 5G 256GB,188.0,12.0,32.0,50850.0,Qualcomm Snapdragon 7+ Gen 3,5500.0,6.78,89999.0,32999.0,2500.0,340.0,1210.0,2024,26999.7,28575.0,28220.0,27346.0
Realme,P2 Pro 5G 512GB,188.0,16.0,32.0,50850.0,Qualcomm Snapdragon 7+ Gen 3,5500.0,6.78,94999.0,34999.0,2700.0,360.0,1280.0,2024,28499.7,30861.0,29880.0,28928.0
Realme,P1 5G 128GB,184.0,6.0,16.0,502.0,MediaTek Dimensity 6100+,5000.0,6.6,44999.0,16999.0,1400.0,200.0,720.0,2024,13499.699999999999,16002.0,16600.0,16272.000000000002
Realme,P1 5G 256GB,184.0,8.0,16.0,502.0,MediaTek Dimensity 6100+,5000.0,6.6,49999.0,18999.0,1500.0,220.0,780.0,2024,14999.699999999999,17145.0,18260.0,17628.0
Realme,P1 Pro 5G 128GB,190.0,8.0,16.0,642.0,Qualcomm Snapdragon 7s Gen 1,5200.0,6.7,59999.0,22999.0,1900.0,270.0,960.0,2024,17999.7,21717.0,22410.0,21696.0
Realme,P1 Pro 5G 256GB,190.0,12.0,16.0,642.0,Qualcomm Snapdragon 7s Gen 1,5200.0,6.7,64999.0,24999.0,2000.0,290.0,1020.0,2024,19499.7,22860.0,24070.0,23052.0
Realme,Narzo 70 Turbo 5G 128GB,200.0,8.0,16.0,502.0,MediaTek Dimensity 810,5000.0,6.6,54999.0,19999.0,1700.0,240.0,860.0,2024,16499.7,19431.0,19920.0,19436.0
Realme,Narzo 70 Turbo 5G 256GB,200.0,8.0,16.0,502.0,MediaTek Dimensity 810,5000.0,6.6,59999.0,21999.0,1800.0,260.0,920.0,2024,17999.7,20574.0,21580.0,20792.0
Realme,Narzo N61 128GB,195.0,6.0,16.0,502.0,MediaTek Helio G99,5000.0,6.5,39999.0,14999.0,1200.0,180.0,660.0,2024,11999.699999999999,13716.0,14940.0,14916.000000000002
Realme,Narzo N63 128GB,193.0,6.0,16.0,502.0,MediaTek Helio G88,5000.0,6.5,37999.0,13999.0,1100.0,160.0,600.0,2024,11399.699999999999,12573.0,13280.0,13560.0
Realme,Narzo N65 5G 128GB,198.0,8.0,16.0,502.0,MediaTek Dimensity 700,5000.0,6.6,47999.0,17999.0,1500.0,210.0,780.0,2024,14399.699999999999,17145.0,17430.0,17628.0
Realme,Narzo 70 5G 128GB,198.0,8.0,16.0,502.0,MediaTek Dimensity 810,5200.0,6.6,52999.0,19499.0,1600.0,230.0,830.0,2024,15899.699999999999,18288.0,19090.0,18758.0
Realme,C75 128GB,190.0,6.0,8.0,502.0,MediaTek Helio G85,5000.0,6.6,37999.0,13999.0,1100.0,160.0,600.0,2024,11399.699999999999,12573.0,13280.0,13560.0
Realme,C75 256GB,190.0,8.0,8.0,502.0,MediaTek Helio G85,5000.0,6.6,42999.0,15999.0,1200.0,180.0,660.0,2024,12899.699999999999,13716.0,14940.0,14916.000000000002
Realme,C61 128GB,189.0,4.0,8.0,502.0,Unisoc T612,5000.0,6.5,32999.0,11999.0,900.0,130.0,500.0,2024,9899.699999999999,10287.0,10790.0,11300.0
Realme,C67 128GB,195.0,6.0,8.0,502.0,MediaTek Helio G88,5000.0,6.6,39999.0,14999.0,1200.0,170.0,620.0,2024,11999.699999999999,13716.0,14110.0,14012.0
Realme,C67 256GB,195.0,8.0,8.0,502.0,MediaTek Helio G88,5000.0,6.6,44999.0,16999.0,1300.0,190.0,680.0,2024,13499.699999999999,14859.0,15770.0,15368.000000000002
Realme,C65 128GB,192.0,6.0,8.0,502.0,Qualcomm Snapdragon 680,5000.0,6.6,37999.0,13999.0,1100.0,160.0,600.0,2024,11399.699999999999,12573.0,13280.0,13560.0
Realme,C65 256GB,192.0,8.0,8.0,502.0,Qualcomm Snapdragon 680,5000.0,6.6,42999.0,15999.0,1200.0,180.0,660.0,2024,12899.699999999999,13716.0,14940.0,14916.000000000002
Realme,C63 128GB,191.0,6.0,8.0,502.0,MediaTek Helio G85,5000.0,6.6,36999.0,13499.0,1050.0,150.0,580.0,2024,11099.699999999999,12001.5,12450.0,13108.0
Realme,C55 128GB,189.0,6.0,8.0,642.0,MediaTek Helio G88,5000.0,6.72,39999.0,14999.0,1200.0,170.0,620.0,2023,11999.699999999999,13716.0,14110.0,14012.0
Realme,C55 256GB,189.0,8.0,8.0,642.0,MediaTek Helio G88,5000.0,6.72,44999.0,16999.0,1300.0,190.0,680.0,2023,13499.699999999999,14859.0,15770.0,15368.000000000002
Realme,Note 60x 128GB,198.0,6.0,16.0,502.0,MediaTek Dimensity 6100+,5200.0,6.6,47999.0,17999.0,1500.0,210.0,780.0,2024,14399.699999999999,17145.0,17430.0,17628.0
Realme,Note 60 128GB,196.0,6.0,16.0,502.0,MediaTek Dimensity 810,5200.0,6.6,49999.0,18999.0,1600.0,220.0,820.0,2024,14999.699999999999,18288.0,18260.0,18532.0
Realme,Note 60 256GB,196.0,8.0,16.0,502.0,MediaTek Dimensity 810,5200.0,6.6,54999.0,20999.0,1700.0,240.0,880.0,2024,16499.7,19431.0,19920.0,19888.0
Realme,Note 50 128GB,195.0,6.0,16.0,502.0,MediaTek Helio G99,5000.0,6.5,42999.0,15999.0,1200.0,170.0,620.0,2024,12899.699999999999,13716.0,14110.0,14012.0
Realme,GT 7 128GB,199.0,8.0,16.0,5082.0,Qualcomm Snapdragon 8 Gen 2,5200.0,6.8,124999.0,47999.0,3200.0,440.0,1620.0,2024,37499.7,36576.0,36520.0,36612.0
Realme,GT 7 256GB,199.0,12.0,16.0,5082.0,Qualcomm Snapdragon 8 Gen 2,5200.0,6.8,139999.0,53999.0,3600.0,500.0,1800.0,2024,41999.7,41148.0,41500.0,40680.0
Realme,Neo 7 128GB,193.0,8.0,16.0,6482.0,MediaTek Dimensity 8200,5000.0,6.7,79999.0,30999.0,2400.0,330.0,1200.0,2024,23999.7,27432.0,27390.0,27120.0
Realme,Neo 7 256GB,193.0,12.0,16.0,6482.0,MediaTek Dimensity 8200,5000.0,6.7,94999.0,36999.0,2800.0,380.0,1400.0,2024,28499.7,32004.0,31540.0,31640.000000000004
Realme,P2 Pro 5G 128GB,195.0,8.0,16.0,508.0,MediaTek Dimensity 9200,5100.0,6.7,84999.0,32999.0,2500.0,350.0,1250.0,2024,25499.7,28575.0,29050.0,28250.0
Realme,P2 Pro 5G 256GB,195.0,12.0,16.0,508.0,MediaTek Dimensity 9200,5100.0,6.7,99999.0,38999.0,2900.0,400.0,1400.0,2024,29999.699999999997,33147.0,33200.0,31640.000000000004
Realme,Pad 64GB,440.0,4.0,8.0,8.0,MediaTek Helio G80,7100.0,10.4,57999.0,19999.0,1400.0,200.0,740.0,2021,17399.7,16002.0,16600.0,16724.0
Realme,Pad 128GB,440.0,6.0,8.0,8.0,MediaTek Helio G80,7100.0,10.4,64999.0,22999.0,1600.0,230.0,850.0,2021,19499.7,18288.0,19090.0,19210.0
Realme,Pad 2 128GB,482.0,6.0,8.0,8.0,MediaTek Helio G99,8360.0,11.5,74999.0,27999.0,2000.0,280.0,1050.0,2023,22499.7,22860.0,23240.0,23730.0
Realme,Pad 2 256GB,482.0,8.0,8.0,8.0,MediaTek Helio G99,8360.0,11.5,84999.0,31999.0,2300.0,320.0,1200.0,2023,25499.7,26289.0,26560.0,27120.0
Realme,Pad 2 Lite 64GB,466.0,4.0,8.0,8.0,MediaTek Helio G85,7100.0,10.4,54999.0,18999.0,1300.0,190.0,700.0,2023,16499.7,14859.0,15770.0,15820.000000000002
Realme,Pad 2 Lite 128GB,466.0,6.0,8.0,8.0,MediaTek Helio G85,7100.0,10.4,61999.0,20999.0,1500.0,210.0,770.0,2023,18599.7,17145.0,17430.0,17402.0
Realme,Pad X 64GB,499.0,4.0,8.0,13.0,Qualcomm Snapdragon 695,8340.0,11.0,79999.0,29999.0,2200.0,310.0,1150.0,2022,23999.7,25146.0,25730.0,25990.0
Realme,Pad X 128GB,499.0,6.0,8.0,13.0,Qualcomm Snapdragon 695,8340.0,11.0,89999.0,33999.0,2500.0,350.0,1300.0,2022,26999.7,28575.0,29050.0,29380.000000000004
Realme,Pad Mini 32GB,372.0,3.0,5.0,8.0,Unisoc T616,6400.0,8.7,44999.0,15999.0,1100.0,160.0,600.0,2022,13499.699999999999,12573.0,13280.0,13560.0
Realme,Pad Mini 64GB,372.0,4.0,5.0,8.0,Unisoc T616,6400.0,8.7,49999.0,17999.0,1300.0,180.0,660.0,2022,14999.699999999999,14859.0,14940.0,14916.000000000002
Realme,Pad Slim 64GB,440.0,4.0,8.0,8.0,MediaTek Helio G80,7100.0,10.4,56999.0,19499.0,1350.0,200.0,730.0,2022,17099.7,15430.5,16600.0,16498.0
Realme,Pad Slim 128GB,440.0,6.0,8.0,8.0,MediaTek Helio G80,7100.0,10.4,62999.0,21999.0,1550.0,220.0,800.0,2022,18899.7,17716.5,18260.0,18080.0
Realme,TechLife Pad Neo 64GB,465.0,4.0,8.0,8.0,MediaTek Helio G85,7200.0,10.5,59999.0,20999.0,1400.0,210.0,770.0,2024,17999.7,16002.0,17430.0,17402.0
Realme,TechLife Pad Neo 128GB,465.0,6.0,8.0,8.0,MediaTek Helio G85,7200.0,10.5,64999.0,22999.0,1600.0,230.0,850.0,2024,19499.7,18288.0,19090.0,19210.0
Xiaomi,Xiaomi 15 Pro 256GB,210.0,12.0,32.0,505050.0,Snapdragon 8 Elite,6100.0,6.73,199999.0,89999.0,5299.0,799.0,3299.0,2024,59999.7,60567.57,66317.0,74557.40000000001
Xiaomi,Xiaomi 15 Pro 512GB,210.0,16.0,32.0,505050.0,Snapdragon 8 Elite,6100.0,6.73,219999.0,99999.0,5799.0,899.0,3699.0,2024,65999.7,66282.56999999999,74617.0,83597.40000000001
Xiaomi,Xiaomi 15 Pro 1TB,210.0,16.0,32.0,505050.0,Snapdragon 8 Elite,6100.0,6.73,239999.0,109999.0,6499.0,999.0,4099.0,2024,71999.7,74283.56999999999,82917.0,92637.40000000001
Xiaomi,Xiaomi 15 256GB,190.0,12.0,32.0,5050.0,Snapdragon 8 Elite,5400.0,6.36,179999.0,79999.0,4299.0,699.0,2899.0,2024,53999.7,49137.57,58017.0,65517.4
Xiaomi,Xiaomi 15 512GB,190.0,16.0,32.0,5050.0,Snapdragon 8 Elite,5400.0,6.36,199999.0,89999.0,4799.0,799.0,3299.0,2024,59999.7,54852.57,66317.0,74557.40000000001
Xiaomi,Xiaomi 14T Pro 256GB,209.0,12.0,32.0,505050.0,Dimensity 9300+,5000.0,6.67,169999.0,74999.0,3999.0,634.99,2699.0,2024,50999.7,45708.57,52704.17,60997.4
Xiaomi,Xiaomi 14T Pro 512GB,209.0,12.0,32.0,505050.0,Dimensity 9300+,5000.0,6.67,189999.0,84999.0,4299.0,790.77,2999.0,2024,56999.7,49137.57,65633.91,67777.40000000001
Xiaomi,Xiaomi 14T Pro 1TB,209.0,12.0,32.0,505050.0,Dimensity 9300+,5000.0,6.67,209999.0,94999.0,4799.0,899.0,3299.0,2024,62999.7,54852.57,74617.0,74557.40000000001
Xiaomi,Xiaomi 14T 256GB,195.0,12.0,32.0,5050.0,Dimensity 8300-Ultra,5000.0,6.67,149999.0,69999.0,3499.0,599.0,2499.0,2024,44999.7,39993.57,49717.0,56477.4
Xiaomi,Xiaomi 14T 512GB,195.0,12.0,32.0,5050.0,Dimensity 8300-Ultra,5000.0,6.67,169999.0,79999.0,3799.0,699.0,2799.0,2024,50999.7,43422.57,58017.0,63257.4
Xiaomi,Xiaomi 14 Pro 256GB,206.0,12.0,32.0,505050.0,Snapdragon 8 Gen 3,5000.0,6.73,189999.0,84999.0,4799.0,799.0,3299.0,2023,56999.7,54852.57,66317.0,74557.40000000001
Xiaomi,Xiaomi 14 Pro 512GB,206.0,12.0,32.0,505050.0,Snapdragon 8 Gen 3,5000.0,6.73,209999.0,94999.0,5299.0,899.0,3699.0,2023,62999.7,60567.57,74617.0,83597.40000000001
Xiaomi,Xiaomi 14 256GB,189.0,12.0,32.0,5050.0,Snapdragon 8 Gen 3,4610.0,6.36,169999.0,74999.0,3999.0,699.0,2899.0,2023,50999.7,45708.57,58017.0,65517.4
Xiaomi,Xiaomi 14 512GB,189.0,12.0,32.0,5050.0,Snapdragon 8 Gen 3,4610.0,6.36,189999.0,84999.0,4499.0,799.0,3299.0,2023,56999.7,51423.57,66317.0,74557.40000000001
Xiaomi,Redmi Note 14 Pro+ 5G 128GB,205.0,8.0,16.0,20082.0,Snapdragon 7s Gen 3,5110.0,6.67,89999.0,29999.0,2499.0,374.9,1499.0,2024,26999.7,28563.57,31116.699999999997,33877.4
Xiaomi,Redmi Note 14 Pro+ 5G 256GB,205.0,12.0,16.0,20082.0,Snapdragon 7s Gen 3,5110.0,6.67,99999.0,32999.0,2799.0,399.0,1599.0,2024,29999.699999999997,31992.57,33117.0,36137.4
Xiaomi,Redmi Note 14 Pro+ 5G 512GB,205.0,16.0,16.0,20082.0,Snapdragon 7s Gen 3,5110.0,6.67,109999.0,35999.0,3099.0,429.0,1699.0,2024,32999.7,35421.57,35607.0,38397.4
Xiaomi,Redmi Note 14 Pro 5G 128GB,195.0,8.0,16.0,10882.0,MediaTek Dimensity 7300-Ultra,5500.0,6.67,79999.0,27999.0,2199.0,349.0,1399.0,2024,23999.7,25134.57,28967.0,31617.4
Xiaomi,Redmi Note 14 Pro 5G 256GB,195.0,12.0,16.0,10882.0,MediaTek Dimensity 7300-Ultra,5500.0,6.67,89999.0,30999.0,2499.0,379.0,1499.0,2024,26999.7,28563.57,31457.0,33877.4
Xiaomi,Redmi Note 14 Pro 4G 128GB,190.0,6.0,16.0,10882.0,Qualcomm Snapdragon 732G,5000.0,6.67,69999.0,24999.0,1999.0,299.0,1199.0,2024,20999.7,22848.57,24817.0,27097.4
Xiaomi,Redmi Note 14 Pro 4G 256GB,190.0,8.0,16.0,10882.0,Qualcomm Snapdragon 732G,5000.0,6.67,79999.0,27999.0,2299.0,329.0,1299.0,2024,23999.7,26277.57,27307.0,29357.4
Xiaomi,Redmi Note 14 5G 128GB,185.0,6.0,16.0,5082.0,MediaTek Dimensity 7025-Ultra,5000.0,6.67,59999.0,21999.0,1799.0,279.0,1099.0,2024,17999.7,20562.57,23157.0,24837.4
Xiaomi,Redmi Note 14 5G 256GB,185.0,8.0,16.0,5082.0,MediaTek Dimensity 7025-Ultra,5000.0,6.67,69999.0,24999.0,2099.0,309.0,1199.0,2024,20999.7,23991.57,25647.0,27097.4
Xiaomi,Redmi Note 14 4G 128GB,180.0,4.0,16.0,5082.0,Qualcomm Snapdragon 680,5000.0,6.67,49999.0,18999.0,1599.0,249.0,999.0,2024,14999.699999999999,18276.57,20667.0,22577.4
Xiaomi,Redmi Note 14 4G 256GB,180.0,6.0,16.0,5082.0,Qualcomm Snapdragon 680,5000.0,6.67,59999.0,21999.0,1899.0,279.0,1099.0,2024,17999.7,21705.57,23157.0,24837.4
Xiaomi,Redmi 14C 5G 64GB,195.0,4.0,8.0,502.0,MediaTek Dimensity 700,5000.0,6.5,39999.0,14999.0,1299.0,199.0,799.0,2024,11999.699999999999,14847.57,16517.0,18057.4
Xiaomi,Redmi 14C 5G 128GB,195.0,6.0,8.0,502.0,MediaTek Dimensity 700,5000.0,6.5,44999.0,16999.0,1499.0,229.0,899.0,2024,13499.699999999999,17133.57,19007.0,20317.4
Lenovo,Legion Y70 128GB,209.0,8.0,16.0,50.0,Snapdragon 8+ Gen 1,5100.0,6.67,139999.0,49999.0,3299.0,499.0,1899.0,2022,41999.7,37707.57,41417.0,42917.4
Lenovo,Legion Y70 256GB,209.0,12.0,16.0,50.0,Snapdragon 8+ Gen 1,5100.0,6.67,159999.0,54999.0,3699.0,549.0,2099.0,2022,47999.7,42279.57,45567.0,47437.4
Lenovo,Legion Y70 512GB,209.0,16.0,16.0,50.0,Snapdragon 8+ Gen 1,5100.0,6.67,179999.0,59999.0,4199.0,599.0,2299.0,2022,53999.7,47994.57,49717.0,51957.4
Lenovo,K14 Plus 64GB,198.0,4.0,8.0,48.0,Unisoc T700,5000.0,6.5,29999.0,10999.0,1299.0,199.0,749.0,2022,8999.699999999999,14847.57,16517.0,16927.4
Lenovo,K14 Plus 128GB,198.0,6.0,8.0,48.0,Unisoc T700,5000.0,6.5,34999.0,12999.0,1499.0,229.0,849.0,2022,10499.699999999999,17133.57,19007.0,19187.4
Lenovo,K13 Pro 128GB,200.0,6.0,16.0,64.0,Snapdragon 662,5000.0,6.8,39999.0,14999.0,1699.0,249.0,949.0,2021,11999.699999999999,19419.57,20667.0,21447.4
Lenovo,K13 32GB,190.0,2.0,5.0,13.0,Unisoc SC9863A,5000.0,6.52,19999.0,7499.0,999.0,149.0,549.0,2021,5999.7,11418.57,12367.0,12407.400000000001
Lenovo,K13 Note 64GB,200.0,4.0,8.0,48.0,Snapdragon 460,5000.0,6.5,29999.0,11999.0,1299.0,199.0,749.0,2021,8999.699999999999,14847.57,16517.0,16927.4
Lenovo,K10 Plus 64GB,172.0,4.0,16.0,13.0,Snapdragon 632,4050.0,6.22,24999.0,10999.0,1199.0,179.0,699.0,2019,7499.7,13704.57,14857.0,15797.400000000001
Lenovo,A6 Note 32GB,172.0,3.0,5.0,13.0,Helio P22,4000.0,6.09,19999.0,9999.0,999.0,149.0,549.0,2019,5999.7,11418.57,12367.0,12407.400000000001
Lenovo,K10 Note 64GB,164.0,4.0,16.0,16.0,Snapdragon 710,4050.0,6.3,29999.0,13999.0,1499.0,219.0,799.0,2019,8999.699999999999,17133.57,18177.0,18057.4
Lenovo,K10 Note 128GB,164.0,6.0,16.0,16.0,Snapdragon 710,4050.0,6.3,34999.0,15999.0,1699.0,249.0,899.0,2019,10499.699999999999,19419.57,20667.0,20317.4
Lenovo,Z6 Pro 128GB,185.0,6.0,32.0,48.0,Snapdragon 855,4000.0,6.39,69999.0,39999.0,2899.0,429.0,1599.0,2019,20999.7,33135.57,35607.0,36137.4
Lenovo,Z6 Pro 256GB,185.0,8.0,32.0,48.0,Snapdragon 855,4000.0,6.39,79999.0,44999.0,3299.0,479.0,1799.0,2019,23999.7,37707.57,39757.0,40657.4
Lenovo,Z5 Pro 64GB,210.0,6.0,16.0,16.0,Snapdragon 710,3350.0,6.39,49999.0,21400.0,1998.0,299.0,1099.0,2018,14999.699999999999,22837.14,24817.0,24837.4
Motorola,Edge 50 Fusion 128GB,168.0,8.0,32.0,50.0,Snapdragon 7 Gen 1,5000.0,6.7,139999.0,29999.0,2499.0,499.0,1899.0,2024,41999.7,28563.57,41417.0,42917.4
Motorola,Edge 50 Fusion 256GB,168.0,12.0,32.0,50.0,Snapdragon 7 Gen 1,5000.0,6.7,159999.0,34999.0,2799.0,549.0,2099.0,2024,47999.7,31992.57,45567.0,47437.4
Motorola,Edge 50 Pro 128GB,186.0,8.0,50.0,50.0,Snapdragon 7 Gen 3,4500.0,6.7,169999.0,34999.0,2999.0,549.0,2099.0,2024,50999.7,34278.57,45567.0,47437.4
Motorola,Edge 50 Pro 256GB,186.0,12.0,50.0,50.0,Snapdragon 7 Gen 3,4500.0,6.7,189999.0,39999.0,3299.0,599.0,2299.0,2024,56999.7,37707.57,49717.0,51957.4
Motorola,Razr 128GB,192.0,8.0,32.0,50.0,Snapdragon 8+ Gen 1,3500.0,6.727,199999.0,59999.0,5999.0,999.0,3699.0,2023,59999.7,68568.56999999999,82917.0,83597.40000000001
Motorola,Razr 256GB,192.0,12.0,32.0,50.0,Snapdragon 8+ Gen 1,3500.0,6.727,219999.0,64999.0,6499.0,1099.0,3999.0,2023,65999.7,74283.56999999999,91217.0,90377.40000000001
Motorola,G84 5G 128GB,166.0,8.0,16.0,50.0,Snapdragon 695,5000.0,6.5,79999.0,19999.0,1799.0,299.0,1099.0,2023,23999.7,20562.57,24817.0,24837.4
Motorola,G84 5G 256GB,166.0,12.0,16.0,50.0,Snapdragon 695,5000.0,6.5,89999.0,22999.0,1999.0,349.0,1299.0,2023,26999.7,22848.57,28967.0,29357.4
Motorola,Moto G Stylus 64GB,195.0,4.0,16.0,50.0,MediaTek Helio G88,5000.0,6.8,49999.0,21999.0,1499.0,199.0,799.0,2023,14999.699999999999,17133.57,16517.0,18057.4
Motorola,Moto G Stylus 128GB,195.0,6.0,16.0,50.0,MediaTek Helio G88,5000.0,6.8,54999.0,24999.0,1699.0,249.0,899.0,2023,16499.7,19419.57,20667.0,20317.4
Motorola,One Vision 3 128GB,180.0,6.0,25.0,48.0,Exynos 9609,3500.0,6.3,39999.0,19999.0,1399.0,299.0,1099.0,2024,11999.699999999999,15990.57,24817.0,24837.4
Motorola,One Vision 3 256GB,180.0,8.0,25.0,48.0,Exynos 9609,3500.0,6.3,44999.0,22999.0,1599.0,349.0,1299.0,2024,13499.699999999999,18276.57,28967.0,29357.4
Motorola,Edge 50 Lite 128GB,170.0,6.0,32.0,64.0,Snapdragon 695,5000.0,6.7,59999.0,27999.0,2199.0,399.0,1499.0,2024,17999.7,25134.57,33117.0,33877.4
Motorola,Edge 50 Lite 256GB,170.0,8.0,32.0,64.0,Snapdragon 695,5000.0,6.7,64999.0,29999.0,2399.0,449.0,1699.0,2024,19499.7,27420.57,37267.0,38397.4
Motorola,Moto E40 Plus 64GB,198.0,4.0,8.0,48.0,Unisoc T700,5000.0,6.5,29999.0,11999.0,1299.0,199.0,749.0,2023,8999.699999999999,14847.57,16517.0,16927.4
Motorola,Moto E40 Plus 128GB,198.0,6.0,8.0,48.0,Unisoc T700,5000.0,6.5,34999.0,13999.0,1499.0,229.0,849.0,2023,10499.699999999999,17133.57,19007.0,19187.4
Motorola,Moto G Power 64GB,206.0,4.0,16.0,50.0,Snapdragon 662,5000.0,6.6,39999.0,17999.0,1599.0,249.0,949.0,2022,11999.699999999999,18276.57,20667.0,21447.4
Motorola,Moto G Power 128GB,206.0,6.0,16.0,50.0,Snapdragon 662,5000.0,6.6,44999.0,19999.0,1799.0,279.0,1049.0,2022,13499.699999999999,20562.57,23157.0,23707.4
Motorola,Moto G Play 32GB,203.0,3.0,5.0,13.0,MediaTek Helio G25,5000.0,6.5,24999.0,9999.0,999.0,149.0,549.0,2022,7499.7,11418.57,12367.0,12407.400000000001
Motorola,Moto G Play 64GB,203.0,4.0,5.0,13.0,MediaTek Helio G25,5000.0,6.5,29999.0,11999.0,1199.0,179.0,649.0,2022,8999.699999999999,13704.57,14857.0,14667.400000000001
Motorola,Moto G75 5G 128GB,205.0,8.0,16.0,50.0,Snapdragon 6 Gen 3,5000.0,6.78,89999.0,34999.0,2699.0,320.0,1175.0,2024,26999.7,30849.57,26560.0,26555.0
Motorola,Moto G75 5G 256GB,205.0,8.0,16.0,50.0,Snapdragon 6 Gen 3,5000.0,6.78,99999.0,39999.0,2999.0,370.0,1350.0,2024,29999.699999999997,34278.57,30710.0,30510.000000000004
Motorola,Moto S50 128GB,190.0,8.0,32.0,64.0,MediaTek Dimensity 8100,4500.0,6.7,79999.0,29999.0,2499.0,300.0,1100.0,2024,23999.7,28563.57,24900.0,24860.0
Motorola,Moto S50 256GB,190.0,12.0,32.0,64.0,MediaTek Dimensity 8100,4500.0,6.7,89999.0,34999.0,2799.0,350.0,1275.0,2024,26999.7,31992.57,29050.0,28815.0
Motorola,Edge 50 Neo 256GB,171.0,8.0,32.0,50.0,MediaTek Dimensity 7300,4310.0,6.4,99999.0,39999.0,2999.0,400.0,1500.0,2024,29999.699999999997,34278.57,33200.0,33900.0
Motorola,Edge 50 Neo 512GB,171.0,12.0,32.0,50.0,MediaTek Dimensity 7300,4310.0,6.4,109999.0,44999.0,3299.0,450.0,1675.0,2024,32999.7,37707.57,37350.0,37855.0
Motorola,Moto G55 128GB,182.0,8.0,16.0,50.0,MediaTek Dimensity 7025,5000.0,6.49,69999.0,26999.0,2199.0,270.0,1000.0,2024,20999.7,25134.57,22410.0,22600.0
Motorola,Moto G55 256GB,182.0,8.0,16.0,50.0,MediaTek Dimensity 7025,5000.0,6.49,79999.0,29999.0,2499.0,320.0,1175.0,2024,23999.7,28563.57,26560.0,26555.0
Motorola,Moto G35 128GB,188.0,4.0,16.0,50.0,Unisoc T760,5000.0,6.72,49999.0,18999.0,1599.0,200.0,750.0,2024,14999.699999999999,18276.57,16600.0,16950.0
Motorola,Moto G35 256GB,188.0,8.0,16.0,50.0,Unisoc T760,5000.0,6.72,59999.0,22999.0,1899.0,250.0,925.0,2024,17999.7,21705.57,20750.0,20905.0
Motorola,Moto G45 128GB,183.0,6.0,16.0,50.0,Snapdragon 6s Gen 3,5000.0,6.5,59999.0,22999.0,1899.0,250.0,925.0,2024,17999.7,21705.57,20750.0,20905.0
Motorola,Moto G45 256GB,183.0,8.0,16.0,50.0,Snapdragon 6s Gen 3,5000.0,6.5,69999.0,26999.0,2199.0,300.0,1100.0,2024,20999.7,25134.57,24900.0,24860.0
Motorola,Edge 50 256GB,180.0,8.0,32.0,50.0,Snapdragon 7s Gen 2,4700.0,6.7,109999.0,44999.0,3299.0,450.0,1675.0,2024,32999.7,37707.57,37350.0,37855.0
Motorola,Edge 50 512GB,180.0,12.0,32.0,50.0,Snapdragon 7s Gen 2,4700.0,6.7,119999.0,49999.0,3599.0,500.0,1850.0,2024,35999.7,41136.57,41500.0,41810.0
Motorola,Razr 50 Ultra 512GB,189.0,12.0,32.0,50.0,Snapdragon 8+ Gen 1,4000.0,6.94,249999.0,99999.0,7999.0,1199.0,4399.0,2024,74999.7,91428.56999999999,99517.0,99417.40000000001
Motorola,Razr 50 256GB,188.0,8.0,32.0,50.0,Snapdragon 7 Gen 1,3800.0,6.736,199999.0,79999.0,5999.0,999.0,3699.0,2024,59999.7,68568.56999999999,82917.0,83597.40000000001
Motorola,Moto G85 128GB,173.0,8.0,32.0,50.0,Snapdragon 6s Gen 3,5000.0,6.67,79999.0,29999.0,2499.0,320.0,1175.0,2024,23999.7,28563.57,26560.0,26555.0
Motorola,Moto G85 256GB,173.0,12.0,32.0,50.0,Snapdragon 6s Gen 3,5000.0,6.67,89999.0,34999.0,2799.0,370.0,1350.0,2024,26999.7,31992.57,30710.0,30510.000000000004
Motorola,S50 Neo 256GB,170.0,8.0,32.0,50.0,MediaTek Dimensity 7200,4300.0,6.5,69999.0,26999.0,2199.0,300.0,1100.0,2024,20999.7,25134.57,24900.0,24860.0
Motorola,S50 Neo 512GB,170.0,12.0,32.0,50.0,MediaTek Dimensity 7200,4300.0,6.5,79999.0,29999.0,2499.0,350.0,1275.0,2024,23999.7,28563.57,29050.0,28815.0
Motorola,Moto E14 64GB,180.0,4.0,8.0,13.0,Unisoc T606,5000.0,6.5,29999.0,11999.0,999.0,150.0,550.0,2024,8999.699999999999,11418.57,12450.0,12430.0
Motorola,Moto E14 128GB,180.0,4.0,8.0,13.0,Unisoc T606,5000.0,6.5,34999.0,13999.0,1199.0,180.0,650.0,2024,10499.699999999999,13704.57,14940.0,14690.000000000002
Motorola,Edge 256GB,174.0,8.0,32.0,50.0,Snapdragon 7s Gen 2,4700.0,6.7,109999.0,44999.0,3299.0,450.0,1675.0,2024,32999.7,37707.57,37350.0,37855.0
Motorola,Edge 512GB,174.0,12.0,32.0,50.0,Snapdragon 7s Gen 2,4700.0,6.7,119999.0,49999.0,3599.0,500.0,1850.0,2024,35999.7,41136.57,41500.0,41810.0
Motorola,Moto X50 Ultra 512GB,198.0,12.0,60.0,200.0,Snapdragon 8 Gen 3,5000.0,6.9,299999.0,119999.0,8999.0,1499.0,5499.0,2024,89999.7,102858.56999999999,124417.0,124277.40000000001
Motorola,Moto G Stylus 5G 256GB,195.0,6.0,16.0,50.0,Snapdragon 6 Gen 1,5000.0,6.8,69999.0,26999.0,2199.0,300.0,1100.0,2024,20999.7,25134.57,24900.0,24860.0
Motorola,Moto G Stylus 5G 512GB,195.0,8.0,16.0,50.0,Snapdragon 6 Gen 1,5000.0,6.8,79999.0,29999.0,2499.0,350.0,1275.0,2024,23999.7,28563.57,29050.0,28815.0
Motorola,Edge 50 Ultra 512GB,198.0,12.0,60.0,200.0,Snapdragon 8 Gen 3,5000.0,6.9,299999.0,119999.0,8999.0,1499.0,5499.0,2024,89999.7,102858.56999999999,124417.0,124277.40000000001
Motorola,Edge 30 Fusion 128GB,168.0,8.0,32.0,50.0,Snapdragon 888+ 5G,4400.0,6.55,119999.0,49999.0,3999.0,699.0,2599.0,2022,35999.7,45708.57,58017.0,58737.4
Motorola,Edge 30 Fusion 256GB,168.0,12.0,32.0,50.0,Snapdragon 888+ 5G,4400.0,6.55,129999.0,54999.0,4299.0,749.0,2799.0,2022,38999.7,49137.57,62167.0,63257.4
Motorola,Edge 30 Neo 128GB,155.0,6.0,32.0,64.0,Snapdragon 695 5G,4020.0,6.28,89999.0,34999.0,2499.0,499.0,1799.0,2022,26999.7,28563.57,41417.0,40657.4
Motorola,Edge 30 Neo 256GB,155.0,8.0,32.0,64.0,Snapdragon 695 5G,4020.0,6.28,99999.0,39999.0,2799.0,549.0,1999.0,2022,29999.699999999997,31992.57,45567.0,45177.4
Motorola,Moto G82 5G 128GB,173.0,6.0,16.0,50.0,Snapdragon 695 5G,5000.0,6.6,64999.0,24999.0,1999.0,399.0,1499.0,2022,19499.7,22848.57,33117.0,33877.4
Motorola,Moto G82 5G 256GB,173.0,8.0,16.0,50.0,Snapdragon 695 5G,5000.0,6.6,74999.0,29999.0,2299.0,449.0,1699.0,2022,22499.7,26277.57,37267.0,38397.4
Motorola,Moto G62 5G 128GB,184.0,4.0,16.0,50.0,Snapdragon 480+ 5G,5000.0,6.5,54999.0,19999.0,1599.0,349.0,1299.0,2022,16499.7,18276.57,28967.0,29357.4
Motorola,Moto G62 5G 256GB,184.0,6.0,16.0,50.0,Snapdragon 480+ 5G,5000.0,6.5,64999.0,24999.0,1899.0,399.0,1499.0,2022,19499.7,21705.57,33117.0,33877.4
Motorola,Moto G42 128GB,175.0,4.0,16.0,50.0,Snapdragon 680 4G,5000.0,6.4,44999.0,16999.0,1399.0,299.0,1099.0,2022,13499.699999999999,15990.57,24817.0,24837.4
Motorola,Moto G32 128GB,184.0,4.0,16.0,50.0,Snapdragon 680 4G,5000.0,6.5,39999.0,14999.0,1299.0,279.0,999.0,2022,11999.699999999999,14847.57,23157.0,22577.4
Motorola,Moto E32s 64GB,185.0,3.0,8.0,16.0,MediaTek Helio G37,5000.0,6.5,29999.0,11999.0,999.0,199.0,749.0,2022,8999.699999999999,11418.57,16517.0,16927.4
Motorola,Moto E22i 32GB,169.0,2.0,5.0,16.0,MediaTek Helio G37,4020.0,6.5,24999.0,9999.0,899.0,179.0,699.0,2022,7499.7,10275.57,14857.0,15797.400000000001
Motorola,Moto E22 64GB,169.0,4.0,5.0,16.0,MediaTek Helio G37,4020.0,6.5,27999.0,10999.0,999.0,199.0,749.0,2022,8399.699999999999,11418.57,16517.0,16927.4
Motorola,Moto G22 64GB,185.0,4.0,16.0,50.0,MediaTek Helio G37,5000.0,6.5,34999.0,12999.0,1199.0,249.0,899.0,2022,10499.699999999999,13704.57,20667.0,20317.4
Huawei,P50,181.0,8.0,13.0,50.0,Snapdragon 888 4G,4100.0,6.5,129999.0,59999.0,4488.0,699.0,2599.0,2021,38999.7,51297.84,58017.0,58737.4
Huawei,P50 Pro,195.0,8.0,13.0,50.0,Snapdragon 888 4G,4360.0,6.6,149999.0,79999.0,5988.0,899.0,3299.0,2021,44999.7,68442.84,74617.0,74557.40000000001
Huawei,P50 Pocket,190.0,8.0,10.7,40.0,Snapdragon 888 4G,4000.0,6.9,199999.0,129999.0,8988.0,1299.0,4799.0,2021,59999.7,102732.84,107817.0,108457.40000000001
Huawei,Mate 40E,188.0,8.0,13.0,64.0,Kirin 990E 5G,4200.0,6.5,139999.0,69999.0,4599.0,799.0,2999.0,2021,41999.7,52566.57,66317.0,67777.40000000001
Huawei,Mate X2,295.0,8.0,16.0,50.0,Kirin 9000 5G,4500.0,8.0,349999.0,249999.0,17999.0,2699.0,9999.0,2021,104999.7,205728.57,224017.0,225977.40000000002
Huawei,Nova 9,175.0,8.0,32.0,50.0,Snapdragon 778G 4G,4300.0,6.57,89999.0,37999.0,2699.0,499.0,1899.0,2021,26999.7,30849.57,41417.0,42917.4
Huawei,Nova 9 Pro,186.0,8.0,32.0,50.0,Snapdragon 778G 4G,4000.0,6.72,109999.0,44999.0,3499.0,599.0,2199.0,2021,32999.7,39993.57,49717.0,49697.4
Huawei,P50E,181.0,8.0,13.0,50.0,Snapdragon 778G 4G,4100.0,6.5,119999.0,54999.0,4088.0,649.0,2399.0,2022,35999.7,46725.84,53867.0,54217.4
Huawei,Mate Xs 2,255.0,8.0,10.7,50.0,Snapdragon 888 4G,4600.0,7.8,299999.0,199999.0,14999.0,2499.0,8999.0,2022,89999.7,171438.57,207417.0,203377.40000000002
Huawei,Mate 50,202.0,8.0,13.0,50.0,Snapdragon 8+ Gen 1 4G,4460.0,6.7,169999.0,84999.0,6299.0,999.0,3699.0,2022,50999.7,71997.56999999999,82917.0,83597.40000000001
Huawei,Mate 50 Pro,205.0,8.0,13.0,50.0,Snapdragon 8+ Gen 1 4G,4700.0,6.74,189999.0,99999.0,7299.0,1199.0,4399.0,2022,56999.7,83427.56999999999,99517.0,99417.40000000001
Huawei,Nova 10,168.0,8.0,60.0,50.0,Snapdragon 778G 4G,4000.0,6.67,99999.0,39999.0,2699.0,499.0,1899.0,2022,29999.699999999997,30849.57,41417.0,42917.4
Huawei,Nova 10 Pro,191.0,8.0,60.0,50.0,Snapdragon 778G 4G,4500.0,6.78,119999.0,49999.0,3499.0,599.0,2199.0,2022,35999.7,39993.57,49717.0,49697.4
Huawei,Nova 10 SE,184.0,8.0,16.0,108.0,Snapdragon 680 4G,4500.0,6.67,79999.0,34999.0,2299.0,399.0,1499.0,2022,23999.7,26277.57,33117.0,33877.4
Huawei,P60,197.0,8.0,13.0,481348.0,Snapdragon 8+ Gen 1 4G,4815.0,6.67,169999.0,84999.0,6988.0,999.0,3699.0,2023,50999.7,79872.84,82917.0,83597.40000000001
Huawei,P60 Pro,200.0,812.0,13.0,481348.0,Snapdragon 8+ Gen 1 4G,4815.0,6.67,189999.0,99999.0,7988.0,1099.0,4199.0,2023,56999.7,91302.84,91217.0,94897.40000000001
Huawei,P60 Art,206.0,812.0,13.0,484048.0,Snapdragon 8+ Gen 1 4G,5100.0,6.73,219999.0,119999.0,8988.0,1299.0,4799.0,2023,65999.7,102732.84,107817.0,108457.40000000001
Huawei,Mate X3,239.0,12.0,8.0,501312.0,Snapdragon 8+ Gen 1 4G,4800.0,7.85,349999.0,249999.0,13999.0,2499.0,9999.0,2023,104999.7,160008.57,207417.0,225977.40000000002
Huawei,Mate 60,209.0,12.0,13.0,501212.0,Kirin 9000S,4750.0,6.7,199999.0,109999.0,6999.0,1099.0,4099.0,2023,59999.7,79998.56999999999,91217.0,92637.40000000001
Huawei,Mate 60 Pro,225.0,12.0,13.0,504048.0,Kirin 9000S,5000.0,6.82,229999.0,129999.0,7999.0,1299.0,4699.0,2023,68999.7,91428.56999999999,107817.0,106197.40000000001
Huawei,Mate 60 Pro+,235.0,12.0,13.0,504848.0,Kirin 9000S,5200.0,6.82,249999.0,149999.0,8999.0,1499.0,5199.0,2023,74999.7,102858.56999999999,124417.0,117497.40000000001
Huawei,Nova 11,168.0,8.0,60.0,508.0,Snapdragon 778G 4G,4500.0,6.7,89999.0,44999.0,2999.0,499.0,1899.0,2023,26999.7,34278.57,41417.0,42917.4
Huawei,Nova 11 Pro,188.0,8.0,608.0,508.0,Snapdragon 778G 4G,4500.0,6.78,109999.0,54999.0,3499.0,599.0,2199.0,2023,32999.7,39993.57,49717.0,49697.4
Huawei,Nova 11 Ultra,188.0,12.0,608.0,508.0,Snapdragon 778G 4G,4500.0,6.78,129999.0,64999.0,3999.0,699.0,2499.0,2023,38999.7,45708.57,58017.0,56477.4
Huawei,Pura 70,220.0,12.0,13.0,501312.0,Kirin 9010,4900.0,6.8,169999.0,84999.0,6988.0,999.0,3699.0,2024,50999.7,79872.84,82917.0,83597.40000000001
Huawei,Pura 70 Pro,220.0,12.0,13.0,5012.548,Kirin 9010,5050.0,6.8,189999.0,99999.0,7988.0,1099.0,4199.0,2024,56999.7,91302.84,91217.0,94897.40000000001
Huawei,Pura 70 Pro+,220.0,12.0,13.0,5012.548,Kirin 9010,5050.0,6.8,209999.0,114999.0,8988.0,1199.0,4699.0,2024,62999.7,102732.84,99517.0,106197.40000000001
Huawei,Pura 70 Ultra,226.0,16.0,13.0,504050.0,Kirin 9010,5200.0,6.8,229999.0,129999.0,9988.0,1299.0,5199.0,2024,68999.7,114162.84,107817.0,117497.40000000001
Huawei,Mate 70,220.0,12.0,13.0,5012.0,Kirin 9010,4900.0,6.7,179999.0,89999.0,5499.0,899.0,3399.0,2024,53999.7,62853.57,74617.0,76817.40000000001
Huawei,Mate 70 Pro,220.0,12.0,13.0,501240.0,Kirin 9010,5000.0,6.8,199999.0,104999.0,6499.0,999.0,3899.0,2024,59999.7,74283.56999999999,82917.0,88117.40000000001
Huawei,Mate 70 Pro+,220.0,12.0,13.0,501240.0,Kirin 9010,5000.0,6.8,219999.0,119999.0,7499.0,1099.0,4399.0,2024,65999.7,85713.56999999999,91217.0,99417.40000000001
Huawei,Mate X6,241.0,12.0,8.0,501312.0,Kirin 9010,4800.0,7.93,349999.0,249999.0,12999.0,2499.0,9999.0,2024,104999.7,148578.57,207417.0,225977.40000000002
Huawei,Nova 12,168.0,8.0,60.0,508.0,Kirin 9000S,4500.0,6.7,89999.0,44999.0,2999.0,499.0,1899.0,2024,26999.7,34278.57,41417.0,42917.4
Huawei,Nova 12 Pro,188.0,8.0,608.0,508.0,Kirin 9000S,4500.0,6.78,109999.0,54999.0,3499.0,599.0,2199.0,2024,32999.7,39993.57,49717.0,49697.4
Huawei,Mate XT 256GB,245.0,12.0,13.0,501248.0,Kirin 9010,5000.0,7.92,359999.0,259999.0,13499.0,2599.0,10499.0,2024,107999.7,154293.57,215717.0,237277.40000000002
Huawei,Mate XT 512GB,245.0,12.0,13.0,501248.0,Kirin 9010,5000.0,7.92,389999.0,274999.0,14499.0,2799.0,11099.0,2024,116999.7,165723.57,232317.0,250837.40000000002
Huawei,Nova 13 256GB,170.0,8.0,50.0,508.0,Kirin 9000S,4600.0,6.7,94999.0,47999.0,3199.0,529.0,1999.0,2024,28499.7,36564.57,43907.0,45177.4
Huawei,Nova 13 512GB,170.0,8.0,50.0,508.0,Kirin 9000S,4600.0,6.7,109999.0,54999.0,3699.0,599.0,2299.0,2024,32999.7,42279.57,49717.0,51957.4
Huawei,Nova 13 Pro 256GB,190.0,8.0,608.0,508.0,Kirin 9000S,4600.0,6.78,119999.0,59999.0,3999.0,649.0,2399.0,2024,35999.7,45708.57,53867.0,54217.4
Huawei,Nova 13 Pro 512GB,190.0,8.0,608.0,508.0,Kirin 9000S,4600.0,6.78,134999.0,67999.0,4499.0,729.0,2699.0,2024,40499.7,51423.57,60507.0,60997.4
Nokia,G42 5G 128GB,193.0,4.0,8.0,50.0,Snapdragon 480+,5000.0,6.56,74999.0,18999.0,1499.0,229.0,849.0,2023,22499.7,17133.57,19007.0,19187.4
Nokia,G20 64GB,197.0,4.0,8.0,48.0,MediaTek G35,5050.0,6.52,48999.0,12499.0,999.0,169.0,629.0,2021,14699.699999999999,11418.57,14027.0,14215.400000000001
Nokia,G20 128GB,197.0,4.0,8.0,48.0,MediaTek G35,5050.0,6.52,54999.0,13999.0,1199.0,189.0,699.0,2021,16499.7,13704.57,15687.0,15797.400000000001
Nokia,C32 64GB,199.0,3.0,8.0,50.0,Unisoc SC9863A,5000.0,6.52,39999.0,9999.0,899.0,139.0,499.0,2023,11999.699999999999,10275.57,11537.0,11277.400000000001
Nokia,C32 128GB,199.0,4.0,8.0,50.0,Unisoc SC9863A,5000.0,6.52,44999.0,10999.0,999.0,159.0,549.0,2023,13499.699999999999,11418.57,13197.0,12407.400000000001
Nokia,G21 64GB,190.0,4.0,8.0,50.0,Unisoc T606,5050.0,6.5,46999.0,11999.0,1099.0,169.0,619.0,2022,14099.699999999999,12561.57,14027.0,13989.400000000001
Nokia,G21 128GB,190.0,6.0,8.0,50.0,Unisoc T606,5050.0,6.5,52999.0,13999.0,1299.0,189.0,699.0,2022,15899.699999999999,14847.57,15687.0,15797.400000000001
Nokia,C22 64GB,190.0,2.0,8.0,13.0,Unisoc SC9863A,5000.0,6.5,34999.0,8499.0,799.0,119.0,449.0,2023,10499.699999999999,9132.57,9877.0,10147.400000000001
Nokia,C22 128GB,190.0,3.0,8.0,13.0,Unisoc SC9863A,5000.0,6.5,38999.0,9499.0,899.0,139.0,499.0,2023,11699.699999999999,10275.57,11537.0,11277.400000000001
Nokia,G400 128GB,198.0,6.0,16.0,48.0,Snapdragon 480,5000.0,6.58,79999.0,22999.0,1799.0,239.0,899.0,2022,23999.7,20562.57,19837.0,20317.4
Sony,Xperia 1 IV 256GB,185.0,12.0,12.0,12.0,Snapdragon 8 Gen 1,5000.0,6.5,429999.0,119999.0,7299.0,1599.0,5799.0,2022,128999.7,83427.56999999999,132717.0,131057.40000000001
Sony,Xperia 5 IV 128GB,172.0,8.0,12.0,12.0,Snapdragon 8 Gen 1,5000.0,6.1,319999.0,89999.0,5999.0,999.0,3799.0,2022,95999.7,68568.56999999999,82917.0,85857.40000000001
Sony,Xperia 10 IV 128GB,161.0,6.0,8.0,12.0,Snapdragon 695,5000.0,6.0,179999.0,49999.0,3299.0,499.0,1799.0,2022,53999.7,37707.57,41417.0,40657.4
Sony,Xperia 1 V 256GB,187.0,12.0,12.0,48.0,Snapdragon 8 Gen 2,5000.0,6.5,449999.0,124999.0,7999.0,1699.0,5999.0,2023,134999.69999999998,91428.56999999999,141017.0,135577.4
Sony,Xperia 5 V 128GB,178.0,8.0,12.0,48.0,Snapdragon 8 Gen 2,5000.0,6.1,339999.0,94999.0,6299.0,1099.0,4099.0,2023,101999.7,71997.56999999999,91217.0,92637.40000000001
Sony,Xperia 10 V 128GB,164.0,6.0,8.0,48.0,Snapdragon 695,5000.0,6.1,199999.0,54999.0,3699.0,599.0,1999.0,2023,59999.7,42279.57,49717.0,45177.4
Sony,Xperia 1 VI 256GB,190.0,12.0,12.0,48.0,Snapdragon 8 Gen 3,5000.0,6.5,469999.0,129999.0,8499.0,1799.0,6199.0,2024,140999.69999999998,97143.56999999999,149317.0,140097.40000000002
Sony,Xperia 5 VI 128GB,180.0,8.0,12.0,48.0,Snapdragon 8 Gen 3,5000.0,6.1,349999.0,99999.0,6599.0,1199.0,4399.0,2024,104999.7,75426.56999999999,99517.0,99417.40000000001
Sony,Xperia 10 VI 128GB,167.0,6.0,8.0,48.0,Snapdragon 7 Gen 1,5000.0,6.1,209999.0,59999.0,3999.0,699.0,2199.0,2024,62999.7,45708.57,58017.0,49697.4
Nokia,T21,466.0,4.0,8.0,8.0,Unisoc T612,8200.0,10.4,52000.0,17999.0,1250.0,39622.0,870.0,2022,15600.0,14287.5,3288626.0,19662.0
Huawei,MatePad Pro 12.2 512GB,508.0,12.0,16.0,131.8,Kirin 9000S,10100.0,12.2,161500.0,49990.0,4799.0,999.0,2199.0,2024,48450.0,54852.57,82917.0,49697.4
Huawei,MatePad Pro 13.2 512GB,580.0,12.0,16.0,131.8,Kirin 9000S,10100.0,13.2,197000.0,58590.0,5199.0,877.0,2199.0,2024,59100.0,59424.57,72791.0,49697.4
Google,Pixel 3a 64GB,147.0,4.0,8.0,12.2,Snapdragon 670,3000.0,5.6,69999.0,39999.0,2899.0,399.0,1599.0,2019,20999.7,33135.57,33117.0,36137.4
Google,Pixel 3a XL 64GB,167.0,4.0,8.0,12.2,Snapdragon 670,3700.0,6.0,79999.0,44999.0,3299.0,479.0,1799.0,2019,23999.7,37707.57,39757.0,40657.4
Google,Pixel 4 64GB,162.0,6.0,8.0,12.2,Snapdragon 855,2800.0,5.7,119999.0,59999.0,4799.0,799.0,3199.0,2019,35999.7,54852.57,66317.0,72297.40000000001
Google,Pixel 4 XL 64GB,193.0,6.0,8.0,12.2,Snapdragon 855,3700.0,6.3,139999.0,69999.0,5499.0,899.0,3599.0,2019,41999.7,62853.57,74617.0,81337.40000000001
Google,Pixel 4a 128GB,143.0,6.0,8.0,12.2,Snapdragon 730G,3140.0,5.8,89999.0,31999.0,2999.0,349.0,1399.0,2020,26999.7,34278.57,28967.0,31617.4
Google,Pixel 4a 5G 128GB,168.0,6.0,8.0,12.2,Snapdragon 765G,3885.0,6.2,109999.0,37999.0,3799.0,499.0,1999.0,2020,32999.7,43422.57,41417.0,45177.4
Google,Pixel 5 128GB,151.0,8.0,8.0,12.2,Snapdragon 765G,4080.0,6.0,139999.0,49999.0,4599.0,699.0,2799.0,2020,41999.7,52566.57,58017.0,63257.4
Google,Pixel 5a 128GB,183.0,6.0,8.0,12.2,Snapdragon 765G,4680.0,6.34,109999.0,42999.0,3999.0,449.0,1799.0,2021,32999.7,45708.57,37267.0,40657.4
Google,Pixel 6 128GB,207.0,8.0,8.0,50.0,Google Tensor,4614.0,6.4,159999.0,59999.0,5999.0,699.0,2999.0,2021,47999.7,68568.56999999999,58017.0,67777.40000000001
Google,Pixel 6 Pro 256GB,210.0,12.0,11.1,50.0,Google Tensor,5003.0,6.71,199999.0,79999.0,7199.0,899.0,3499.0,2021,59999.7,82284.56999999999,74617.0,79077.40000000001
Google,Pixel 6a 128GB,178.0,6.0,8.0,12.2,Google Tensor,4410.0,6.1,129999.0,43999.0,4299.0,449.0,1999.0,2022,38999.7,49137.57,37267.0,45177.4
Google,Pixel 7 128GB,197.0,8.0,10.8,50.0,Google Tensor G2,4355.0,6.3,169999.0,64999.0,6199.0,599.0,2399.0,2022,50999.7,70854.56999999999,49717.0,54217.4
Google,Pixel 7 Pro 256GB,212.0,12.0,10.8,50.0,Google Tensor G2,5000.0,6.7,229999.0,89999.0,7999.0,899.0,3599.0,2022,68999.7,91428.56999999999,74617.0,81337.40000000001
Google,Pixel 7a 128GB,193.0,8.0,10.8,64.0,Google Tensor G2,4385.0,6.1,139999.0,44999.0,4599.0,499.0,2199.0,2023,41999.7,52566.57,41417.0,49697.4
Google,Pixel 8 128GB,187.0,8.0,10.5,50.0,Google Tensor G3,4575.0,6.2,179999.0,69999.0,6399.0,699.0,2799.0,2023,53999.7,73140.56999999999,58017.0,63257.4
Google,Pixel 8 Pro 256GB,213.0,12.0,10.5,50.0,Google Tensor G3,5050.0,6.7,249999.0,99999.0,8499.0,999.0,3999.0,2023,74999.7,97143.56999999999,82917.0,90377.40000000001
Google,Pixel 8a 128GB,194.0,8.0,10.5,64.0,Google Tensor G3,4385.0,6.1,149999.0,49999.0,4999.0,549.0,2399.0,2024,44999.7,57138.57,45567.0,54217.4
Google,Pixel 9 128GB,195.0,8.0,10.8,50.0,Google Tensor G4,4600.0,6.3,189999.0,74999.0,6599.0,799.0,3199.0,2024,56999.7,75426.56999999999,66317.0,72297.40000000001
Google,Pixel 9 Pro 256GB,216.0,12.0,10.8,50.0,Google Tensor G4,5050.0,6.7,259999.0,109999.0,8799.0,1099.0,4199.0,2024,77999.7,100572.56999999999,91217.0,94897.40000000001
Google,Pixel 9 Pro XL 512GB,222.0,16.0,10.8,50.0,Google Tensor G4,5250.0,6.8,299999.0,129999.0,9799.0,1299.0,4999.0,2024,89999.7,112002.56999999999,107817.0,112977.40000000001
Google,Pixel 9 Pro Fold 512GB,250.0,16.0,10.8,50.0,Google Tensor G4,5500.0,7.6,399999.0,179999.0,13999.0,1799.0,6999.0,2024,119999.7,160008.57,149317.0,158177.40000000002
Tecno,Spark Go 1S 64GB,190.0,4.0,8.0,13.0,MediaTek Helio A22,5000.0,6.6,27999.0,9999.0,799.0,129.0,499.0,2024,8399.699999999999,9132.57,10707.0,11277.400000000001
Tecno,Megapad 11 256GB,450.0,8.0,13.0,50.0,MediaTek G99,8000.0,11.0,69999.0,29999.0,2499.0,349.0,1299.0,2024,20999.7,28563.57,28967.0,29357.4
Tecno,Pop 9 4G 64GB,195.0,3.0,5.0,8.0,Unisoc SC9863A,5000.0,6.52,22999.0,7499.0,599.0,99.0,399.0,2024,6899.7,6846.57,8217.0,9017.400000000001
Tecno,Megapad 128GB,420.0,6.0,12.0,50.0,MediaTek Helio G80,7500.0,10.9,59999.0,24999.0,2299.0,299.0,1099.0,2024,17999.7,26277.57,24817.0,24837.4
Tecno,Camon 30S 256GB,198.0,8.0,32.0,50.0,MediaTek Dimensity 810,5200.0,6.8,89999.0,39999.0,3199.0,499.0,1999.0,2024,26999.7,36564.57,41417.0,45177.4
Tecno,Spark 30C 5G 128GB,200.0,6.0,16.0,50.0,MediaTek Dimensity 6100+,5000.0,6.6,39999.0,14999.0,1199.0,199.0,749.0,2024,11999.699999999999,13704.57,16517.0,16927.4
Tecno,Spark 30 5G 128GB,195.0,6.0,16.0,50.0,MediaTek Dimensity 6020,5000.0,6.6,42999.0,16999.0,1399.0,229.0,849.0,2024,12899.699999999999,15990.57,19007.0,19187.4
Tecno,Pop 9 64GB,190.0,3.0,5.0,8.0,Unisoc SC9832E,5000.0,6.52,21999.0,6999.0,549.0,89.0,349.0,2024,6599.7,6275.07,7387.0,7887.400000000001
Tecno,Spark 30 Pro 256GB,205.0,8.0,32.0,50.0,MediaTek Helio G99,5200.0,6.8,54999.0,19999.0,1799.0,269.0,999.0,2024,16499.7,20562.57,22327.0,22577.4
Tecno,Spark 30 128GB,192.0,4.0,16.0,50.0,MediaTek Helio G85,5000.0,6.6,34999.0,12999.0,1099.0,179.0,699.0,2024,10499.699999999999,12561.57,14857.0,15797.400000000001
Tecno,Phantom V Fold2 512GB,280.0,12.0,32.0,64.0,MediaTek Dimensity 9200+,5500.0,7.85,399999.0,169999.0,12999.0,1799.0,6999.0,2024,119999.7,148578.57,149317.0,158177.40000000002
Tecno,Phantom V Flip2 256GB,195.0,8.0,32.0,50.0,MediaTek Dimensity 8050,4300.0,6.9,159999.0,79999.0,5999.0,999.0,3999.0,2024,47999.7,68568.56999999999,82917.0,90377.40000000001
Tecno,Pova 6 Neo 5G 256GB,225.0,8.0,16.0,50.0,MediaTek Dimensity 810,6000.0,6.8,69999.0,29999.0,2499.0,349.0,1299.0,2024,20999.7,28563.57,28967.0,29357.4
Tecno,Spark 30C 128GB,190.0,4.0,16.0,50.0,MediaTek Helio G85,5000.0,6.6,32999.0,11999.0,999.0,149.0,599.0,2024,9899.699999999999,11418.57,12367.0,13537.400000000001
Tecno,Spark Go 1 64GB,195.0,3.0,5.0,8.0,Unisoc SC9863A,5000.0,6.52,22999.0,7499.0,599.0,99.0,399.0,2024,6899.7,6846.57,8217.0,9017.400000000001
Tecno,Camon 30S Pro 512GB,202.0,12.0,50.0,108.0,MediaTek Dimensity 9200,5200.0,6.9,159999.0,79999.0,6999.0,1099.0,4199.0,2024,47999.7,79998.56999999999,91217.0,94897.40000000001
Tecno,Spark 20P 128GB,195.0,4.0,16.0,50.0,MediaTek Helio G85,5000.0,6.6,37999.0,13999.0,1199.0,179.0,699.0,2024,11399.699999999999,13704.57,14857.0,15797.400000000001
Tecno,Spark 20 Pro 5G 256GB,210.0,8.0,32.0,50.0,MediaTek Dimensity 810,5200.0,6.8,59999.0,24999.0,2299.0,329.0,1199.0,2024,17999.7,26277.57,27307.0,27097.4
Tecno,Pova 6 Neo 256GB,230.0,8.0,16.0,50.0,MediaTek Helio G99,6000.0,6.8,55999.0,22999.0,1899.0,299.0,1099.0,2024,16799.7,21705.57,24817.0,24837.4
Tecno,Camon 30 Premier 512GB,210.0,12.0,50.0,108.0,MediaTek Dimensity 9200,5200.0,6.9,179999.0,89999.0,7499.0,1199.0,4499.0,2024,53999.7,85713.56999999999,99517.0,101677.40000000001
Tecno,Camon 30 Pro 512GB,205.0,12.0,50.0,64.0,MediaTek Dimensity 8200,5200.0,6.8,129999.0,64999.0,5499.0,899.0,3299.0,2024,38999.7,62853.57,74617.0,74557.40000000001
Tecno,Camon 30 5G 256GB,198.0,8.0,32.0,50.0,MediaTek Dimensity 810,5000.0,6.7,89999.0,39999.0,3199.0,499.0,1999.0,2024,26999.7,36564.57,41417.0,45177.4
Tecno,Camon 30 128GB,195.0,6.0,32.0,50.0,MediaTek Helio G99,5000.0,6.7,69999.0,29999.0,2499.0,349.0,1299.0,2024,20999.7,28563.57,28967.0,29357.4
Tecno,Pova 6 Pro 512GB,230.0,12.0,32.0,64.0,MediaTek Dimensity 8100,6000.0,6.9,159999.0,79999.0,6999.0,1099.0,4199.0,2024,47999.7,79998.56999999999,91217.0,94897.40000000001
Tecno,Spark 20 Pro+ 256GB,210.0,8.0,32.0,50.0,MediaTek Helio G99,5200.0,6.8,54999.0,19999.0,1799.0,269.0,999.0,2024,16499.7,20562.57,22327.0,22577.4
Tecno,Spark 20 Pro 128GB,195.0,6.0,16.0,50.0,MediaTek Helio G85,5000.0,6.6,39999.0,14999.0,1199.0,199.0,749.0,2024,11999.699999999999,13704.57,16517.0,16927.4
Tecno,Spark 20 128GB,192.0,4.0,16.0,50.0,MediaTek Helio G85,5000.0,6.6,34999.0,12999.0,1099.0,179.0,699.0,2024,10499.699999999999,12561.57,14857.0,15797.400000000001
Tecno,Spark 20C 128GB,190.0,4.0,16.0,50.0,MediaTek Helio G85,5000.0,6.6,32999.0,11999.0,999.0,149.0,599.0,2024,9899.699999999999,11418.57,12367.0,13537.400000000001
Tecno,Spark Go 2024 64GB,195.0,3.0,5.0,8.0,Unisoc SC9863A,5000.0,6.52,22999.0,7499.0,599.0,99.0,399.0,2024,6899.7,6846.57,8217.0,9017.400000000001
Tecno,Pop 8 64GB,195.0,3.0,5.0,8.0,Unisoc SC9832E,5000.0,6.52,21999.0,6999.0,549.0,89.0,349.0,2024,6599.7,6275.07,7387.0,7887.400000000001
Tecno,Camon 20s Pro 5G 512GB,202.0,12.0,50.0,108.0,MediaTek Dimensity 9200,5200.0,6.9,159999.0,79999.0,6999.0,1099.0,4199.0,2024,47999.7,79998.56999999999,91217.0,94897.40000000001
Tecno,Camon 20s Pro 256GB,202.0,12.0,50.0,108.0,MediaTek Dimensity 810,5200.0,6.9,129999.0,59999.0,4999.0,899.0,3499.0,2024,38999.7,57138.57,74617.0,79077.40000000001
Tecno,Camon 20s 256GB,200.0,8.0,32.0,50.0,MediaTek Helio G99,5000.0,6.7,79999.0,34999.0,2799.0,449.0,1799.0,2024,23999.7,31992.57,37267.0,40657.4
Tecno,Camon 20 Premier 512GB,205.0,12.0,50.0,108.0,MediaTek Dimensity 8200,5200.0,6.8,149999.0,74999.0,6499.0,1049.0,3999.0,2024,44999.7,74283.56999999999,87067.0,90377.40000000001
Tecno,Camon 20 Pro 5G 256GB,200.0,8.0,32.0,50.0,MediaTek Dimensity 810,5000.0,6.7,89999.0,39999.0,3199.0,499.0,1999.0,2024,26999.7,36564.57,41417.0,45177.4
Tecno,Camon 20 Pro 128GB,198.0,6.0,32.0,50.0,MediaTek Helio G99,5000.0,6.7,69999.0,29999.0,2499.0,349.0,1299.0,2024,20999.7,28563.57,28967.0,29357.4
Tecno,Camon 20 128GB,195.0,6.0,32.0,50.0,MediaTek Helio G99,5000.0,6.7,69999.0,29999.0,2499.0,349.0,1299.0,2024,20999.7,28563.57,28967.0,29357.4
Tecno,Pova 5G 512GB,240.0,8.0,32.0,50.0,MediaTek Dimensity 900,6000.0,6.9,119999.0,54999.0,4499.0,699.0,2799.0,2024,35999.7,51423.57,58017.0,63257.4
Tecno,Pova 5 256GB,230.0,8.0,16.0,50.0,MediaTek Helio G99,6000.0,6.8,59999.0,24999.0,2299.0,329.0,1199.0,2024,17999.7,26277.57,27307.0,27097.4
Infinix,Xpad,450.0,6.0,8.0,13.0,MediaTek Helio G99,7000.0,10.1,54999.0,21999.0,1999.0,299.0,1099.0,2024,16499.7,22848.57,24817.0,24837.4
Infinix,Xpad 5G,470.0,8.0,16.0,50.0,MediaTek Dimensity 810,8000.0,10.4,79999.0,29999.0,2499.0,399.0,1499.0,2024,23999.7,28563.57,33117.0,33877.4
Infinix,Xpad Lite,420.0,4.0,5.0,8.0,Unisoc T606,6000.0,9.7,39999.0,14999.0,1399.0,219.0,799.0,2024,11999.699999999999,15990.57,18177.0,18057.4
Infinix,Xpad Pro,480.0,12.0,32.0,50.0,MediaTek Dimensity 9200,9000.0,11.0,99999.0,39999.0,3499.0,549.0,1999.0,2024,29999.699999999997,39993.57,45567.0,45177.4
Infinix,Hot 50,192.0,6.0,8.0,50.0,MediaTek Helio G85,5000.0,6.78,39999.0,14999.0,1399.0,219.0,799.0,2024,11999.699999999999,15990.57,18177.0,18057.4
Infinix,Hot 50i,190.0,4.0,8.0,50.0,Unisoc T606,5000.0,6.6,32999.0,12499.0,1199.0,179.0,699.0,2024,9899.699999999999,13704.57,14857.0,15797.400000000001
Infinix,Hot 50 5G,195.0,8.0,16.0,50.0,MediaTek Dimensity 810,5200.0,6.78,48999.0,18999.0,1799.0,289.0,1049.0,2024,14699.699999999999,20562.57,23987.0,23707.4
Infinix,Hot 50 Pro,194.0,8.0,16.0,50.0,MediaTek Helio G99,5000.0,6.8,45999.0,17999.0,1699.0,269.0,999.0,2024,13799.699999999999,19419.57,22327.0,22577.4
Infinix,Hot 50 Pro+,196.0,12.0,32.0,108.0,MediaTek Dimensity 9200,5300.0,6.9,64999.0,24999.0,2499.0,379.0,1399.0,2024,19499.7,28563.57,31457.0,31617.4
Infinix,GT 20 Pro,198.0,12.0,32.0,108.0,MediaTek Dimensity 8200,5500.0,6.9,89999.0,32999.0,2999.0,449.0,1699.0,2024,26999.7,34278.57,37267.0,38397.4
Infinix,Note 40X 5G,198.0,8.0,32.0,108.0,MediaTek Dimensity 7200,5200.0,6.8,64999.0,23999.0,2299.0,349.0,1299.0,2024,19499.7,26277.57,28967.0,29357.4
Infinix,Note 40S,196.0,8.0,32.0,50.0,MediaTek Helio G99,5000.0,6.78,42999.0,16999.0,1799.0,279.0,999.0,2024,12899.699999999999,20562.57,23157.0,22577.4
Infinix,Note 40 5G,195.0,8.0,32.0,108.0,MediaTek Dimensity 8100,5200.0,6.8,54999.0,19999.0,1999.0,319.0,1099.0,2024,16499.7,22848.57,26477.0,24837.4
Infinix,Note 40 Pro 5G,195.0,12.0,32.0,108.0,MediaTek Dimensity 9000,5300.0,6.8,72999.0,27999.0,2499.0,399.0,1499.0,2024,21899.7,28563.57,33117.0,33877.4
Infinix,Note 40 Racing Edition,196.0,12.0,32.0,108.0,MediaTek Dimensity 9200,5500.0,6.9,89999.0,32999.0,2999.0,449.0,1699.0,2024,26999.7,34278.57,37267.0,38397.4
Infinix,Hot 40,196.0,8.0,32.0,50.0,MediaTek Helio G88,5000.0,6.78,35999.0,12499.0,1199.0,199.0,749.0,2023,10799.699999999999,13704.57,16517.0,16927.4
Infinix,Hot 40i,195.0,4.0,8.0,13.0,Unisoc T606,5000.0,6.6,28999.0,10999.0,999.0,159.0,599.0,2023,8699.699999999999,11418.57,13197.0,13537.400000000001
Infinix,Hot 40 Pro,195.0,8.0,32.0,108.0,MediaTek Helio G99,5000.0,6.78,39999.0,14999.0,1399.0,229.0,849.0,2023,11999.699999999999,15990.57,19007.0,19187.4
Infinix,Zero 40,195.0,12.0,50.0,108.0,MediaTek Dimensity 8200,5000.0,6.78,69999.0,24999.0,2199.0,349.0,1299.0,2024,20999.7,25134.57,28967.0,29357.4
Infinix,Zero 40 5G,195.0,12.0,50.0,108.0,MediaTek Dimensity 8200,5000.0,6.78,74999.0,27999.0,2299.0,379.0,1399.0,2024,22499.7,26277.57,31457.0,31617.4
Infinix,Zero Flip,190.0,8.0,32.0,108.0,Qualcomm Snapdragon 778G,4500.0,6.7,89999.0,32999.0,2499.0,399.0,1499.0,2024,26999.7,28563.57,33117.0,33877.4
Infinix,Note 40,190.0,8.0,32.0,108.0,MediaTek Helio G99,5000.0,6.78,45999.0,17999.0,1799.0,279.0,999.0,2024,13799.699999999999,20562.57,23157.0,22577.4
Infinix,Note 40 Pro,190.0,12.0,32.0,108.0,MediaTek Dimensity 8100,5000.0,6.78,59999.0,22999.0,2199.0,329.0,1199.0,2024,17999.7,25134.57,27307.0,27097.4
Infinix,Hot 30 128GB,196.0,8.0,8.0,50.0,MediaTek Helio G88,5000.0,6.78,35999.0,12499.0,1199.0,199.0,749.0,2023,10799.699999999999,13704.57,16517.0,16927.4
Infinix,Hot 30i 128GB,191.0,4.0,8.0,13.0,Unisoc T606,5000.0,6.6,28999.0,10999.0,999.0,159.0,599.0,2023,8699.699999999999,11418.57,13197.0,13537.400000000001
Infinix,Hot 30i NFC 128GB,191.0,4.0,8.0,13.0,Unisoc T606,5000.0,6.6,29999.0,11499.0,999.0,159.0,599.0,2023,8999.699999999999,11418.57,13197.0,13537.400000000001
Infinix,Hot 30 Play 128GB,205.0,4.0,8.0,16.0,MediaTek Helio G37,6000.0,6.82,30999.0,11999.0,1099.0,179.0,649.0,2023,9299.699999999999,12561.57,14857.0,14667.400000000001
Infinix,Hot 30 5G 128GB,202.0,8.0,8.0,50.0,MediaTek Dimensity 810,5000.0,6.78,41999.0,17999.0,1499.0,239.0,899.0,2023,12599.699999999999,17133.57,19837.0,20317.4
Infinix,Zero 30 256GB,185.0,8.0,50.0,108.0,MediaTek Dimensity 8020,5000.0,6.78,69999.0,26999.0,2199.0,349.0,1299.0,2023,20999.7,25134.57,28967.0,29357.4
Infinix,Zero 30 5G 256GB,185.0,12.0,50.0,108.0,MediaTek Dimensity 8020,5000.0,6.78,74999.0,29999.0,2299.0,379.0,1399.0,2023,22499.7,26277.57,31457.0,31617.4
Infinix,GT 10 Pro 256GB,187.0,8.0,32.0,108.0,MediaTek Dimensity 8050,5000.0,6.67,84999.0,32999.0,2599.0,399.0,1499.0,2023,25499.7,29706.57,33117.0,33877.4
Infinix,Hot 12 128GB,195.0,6.0,8.0,13.0,MediaTek Helio G85,5000.0,6.82,28999.0,11499.0,1099.0,179.0,649.0,2022,8699.699999999999,12561.57,14857.0,14667.400000000001
Infinix,Hot 12 Play 128GB,209.0,4.0,8.0,13.0,Unisoc T610,6000.0,6.82,24999.0,10499.0,999.0,159.0,599.0,2022,7499.7,11418.57,13197.0,13537.400000000001
Infinix,Hot 12 Pro 128GB,191.0,8.0,8.0,50.0,Unisoc T616,5000.0,6.6,31999.0,12999.0,1199.0,199.0,749.0,2022,9599.699999999999,13704.57,16517.0,16927.4
Infinix,Hot 12i 64GB,190.0,4.0,8.0,13.0,MediaTek Helio A22,5000.0,6.6,22999.0,9999.0,899.0,139.0,499.0,2022,6899.7,10275.57,11537.0,11277.400000000001
Infinix,Hot 20 128GB,198.0,6.0,8.0,50.0,MediaTek Helio G85,5000.0,6.82,30999.0,12999.0,1199.0,199.0,749.0,2022,9299.699999999999,13704.57,16517.0,16927.4
Infinix,Hot 20 Play 128GB,209.0,4.0,8.0,13.0,MediaTek Helio G37,6000.0,6.82,25999.0,10999.0,999.0,159.0,599.0,2022,7799.7,11418.57,13197.0,13537.400000000001
Infinix,Hot 20s 128GB,202.0,8.0,8.0,50.0,MediaTek Helio G96,5000.0,6.78,34999.0,14999.0,1399.0,219.0,799.0,2022,10499.699999999999,15990.57,18177.0,18057.4
Infinix,Hot 20 5G 128GB,204.0,6.0,8.0,50.0,MediaTek Dimensity 810,5000.0,6.6,38999.0,16999.0,1499.0,239.0,899.0,2022,11699.699999999999,17133.57,19837.0,20317.4
Infinix,Hot 20i 64GB,195.0,4.0,8.0,13.0,MediaTek Helio G25,5000.0,6.6,21999.0,9499.0,899.0,139.0,499.0,2022,6599.7,10275.57,11537.0,11277.400000000001
Infinix,Hot 10T 128GB,205.0,4.0,8.0,48.0,MediaTek Helio G70,5000.0,6.82,23999.0,10499.0,999.0,149.0,549.0,2021,7199.7,11418.57,12367.0,12407.400000000001
Infinix,Hot 10S 128GB,211.0,6.0,8.0,48.0,MediaTek Helio G85,6000.0,6.82,25999.0,11999.0,1099.0,169.0,599.0,2021,7799.7,12561.57,14027.0,13537.400000000001
Infinix,Hot 10S NFC 128GB,211.0,6.0,8.0,48.0,MediaTek Helio G85,6000.0,6.82,26999.0,12499.0,1199.0,179.0,649.0,2021,8099.7,13704.57,14857.0,14667.400000000001
Infinix,Hot 10 Lite 64GB,195.0,3.0,8.0,13.0,MediaTek Helio A25,5000.0,6.6,19999.0,7999.0,699.0,109.0,399.0,2020,5999.7,7989.57,9047.0,9017.400000000001
Infinix,Hot 10 Play 64GB,207.0,4.0,8.0,13.0,MediaTek Helio G25,6000.0,6.82,22999.0,9499.0,899.0,139.0,499.0,2021,6899.7,10275.57,11537.0,11277.400000000001
Infinix,Hot 11 128GB,201.0,4.0,8.0,13.0,MediaTek Helio G70,5200.0,6.6,24999.0,10999.0,999.0,159.0,599.0,2021,7499.7,11418.57,13197.0,13537.400000000001
Infinix,Hot 11 Play 128GB,209.0,4.0,8.0,13.0,MediaTek Helio G35,6000.0,6.82,25999.0,11499.0,1099.0,169.0,649.0,2021,7799.7,12561.57,14027.0,14667.400000000001
Infinix,Hot 11s 128GB,205.0,6.0,8.0,50.0,MediaTek Helio G88,5000.0,6.78,27999.0,12999.0,1299.0,189.0,699.0,2021,8399.699999999999,14847.57,15687.0,15797.400000000001
Infinix,Smart HD 32GB,195.0,2.0,5.0,8.0,MediaTek Helio A20,5000.0,6.1,15999.0,5999.0,499.0,79.0,299.0,2020,4799.7,5703.57,6557.0,6757.400000000001
Infinix,Note 8i 128GB,210.0,6.0,8.0,48.0,MediaTek Helio G80,5200.0,6.78,29999.0,12999.0,1199.0,199.0,749.0,2020,8999.699999999999,13704.57,16517.0,16927.4
Infinix,Hot 10 Lite 64GB,195.0,3.0,8.0,13.0,MediaTek Helio A25,5000.0,6.6,19999.0,7999.0,699.0,109.0,399.0,2020,5999.7,7989.57,9047.0,9017.400000000001
Infinix,Note 8 128GB,210.0,6.0,16.0,64.0,MediaTek Helio G80,5200.0,6.95,34999.0,15999.0,1499.0,229.0,899.0,2020,10499.699999999999,17133.57,19007.0,20317.4
Infinix,Zero 8i 128GB,210.0,8.0,16.0,48.0,MediaTek Helio G90T,4500.0,6.85,39999.0,17999.0,1599.0,249.0,999.0,2020,11999.699999999999,18276.57,20667.0,22577.4
Infinix,Hot 10 128GB,204.0,4.0,8.0,16.0,MediaTek Helio G70,5200.0,6.78,24999.0,10999.0,999.0,159.0,599.0,2020,7499.7,11418.57,13197.0,13537.400000000001
Infinix,Zero 8 128GB,205.0,8.0,48.0,64.0,MediaTek Helio G90T,4500.0,6.85,44999.0,19999.0,1799.0,279.0,1099.0,2020,13499.699999999999,20562.57,23157.0,24837.4
Infinix,Smart 5 64GB,195.0,3.0,8.0,13.0,MediaTek Helio A20,5000.0,6.6,18999.0,7499.0,599.0,99.0,349.0,2020,5699.7,6846.57,8217.0,7887.400000000001
Honor,9X Lite,175.0,4.0,8.0,48.0,Kirin 710F,3750.0,6.5,39999.0,15999.0,1499.0,219.0,799.0,2020,11999.699999999999,17133.57,18177.0,18057.4
Honor,30,185.0,8.0,32.0,40.0,Kirin 985 5G,4000.0,6.53,74999.0,29999.0,2999.0,449.0,1599.0,2020,22499.7,34278.57,37267.0,36137.4
Honor,30 Pro,190.0,8.0,32.0,50.0,Kirin 990 5G,4000.0,6.57,94999.0,39999.0,3999.0,599.0,2199.0,2020,28499.7,45708.57,49717.0,49697.4
Honor,30 Pro+,192.0,12.0,32.0,50.0,Kirin 990 5G,4000.0,6.57,109999.0,45999.0,4499.0,699.0,2599.0,2020,32999.7,51423.57,58017.0,58737.4
Honor,30S,190.0,6.0,16.0,64.0,Kirin 820 5G,4000.0,6.5,54999.0,22999.0,2299.0,349.0,1299.0,2020,16499.7,26277.57,28967.0,29357.4
Honor,X10,203.0,6.0,16.0,40.0,Kirin 820 5G,4300.0,6.63,48999.0,19999.0,2099.0,319.0,1149.0,2020,14699.699999999999,23991.57,26477.0,25967.4
Honor,X10 Max,227.0,8.0,8.0,48.0,MediaTek Dimensity 800,5000.0,7.09,64999.0,25999.0,2499.0,379.0,1399.0,2020,19499.7,28563.57,31457.0,31617.4
Honor,Play 4,213.0,6.0,16.0,64.0,MediaTek Dimensity 800,4300.0,6.81,49999.0,21999.0,2299.0,349.0,1249.0,2020,14999.699999999999,26277.57,28967.0,28227.4
Honor,Play 4 Pro,213.0,8.0,32.0,40.0,Kirin 990 5G,4200.0,6.57,74999.0,29999.0,3499.0,549.0,1999.0,2020,22499.7,39993.57,45567.0,45177.4
Honor,10X Lite,206.0,4.0,8.0,48.0,Kirin 710A,5000.0,6.67,34999.0,13999.0,1499.0,229.0,849.0,2020,10499.699999999999,17133.57,19007.0,19187.4
Honor,V40,189.0,8.0,16.0,50.0,MediaTek Dimensity 1000+,4000.0,6.72,89999.0,37999.0,3999.0,599.0,2199.0,2021,26999.7,45708.57,49717.0,49697.4
Honor,50,175.0,8.0,32.0,108.0,Qualcomm Snapdragon 778G,4300.0,6.57,89999.0,37999.0,2699.0,549.0,2049.0,2021,26999.7,30849.57,45567.0,46307.4
Honor,50 Pro,187.0,8.0,32.0,108.0,Qualcomm Snapdragon 778G,4000.0,6.72,109999.0,44999.0,3699.0,649.0,2499.0,2021,32999.7,42279.57,53867.0,56477.4
Honor,50 SE,191.0,8.0,16.0,108.0,MediaTek Dimensity 900,4000.0,6.78,74999.0,29999.0,2399.0,449.0,1699.0,2021,22499.7,27420.57,37267.0,38397.4
Honor,X20,192.0,6.0,16.0,64.0,MediaTek Dimensity 900,4300.0,6.67,64999.0,25999.0,2299.0,379.0,1399.0,2021,19499.7,26277.57,31457.0,31617.4
Honor,X20 SE,179.0,6.0,16.0,64.0,MediaTek Dimensity 700,4000.0,6.6,54999.0,22999.0,1799.0,299.0,1199.0,2021,16499.7,20562.57,24817.0,27097.4
Honor,Play 5,179.0,8.0,16.0,64.0,MediaTek Dimensity 800U,3800.0,6.53,49999.0,19999.0,2099.0,319.0,1149.0,2021,14999.699999999999,23991.57,26477.0,25967.4
Honor,Play 5T,191.0,6.0,8.0,13.0,Unisoc T610,5000.0,6.5,34999.0,14999.0,1499.0,219.0,799.0,2021,10499.699999999999,17133.57,18177.0,18057.4
Honor,Magic3,202.0,8.0,13.0,50.0,Qualcomm Snapdragon 888,4600.0,6.76,159999.0,64999.0,4599.0,899.0,3299.0,2021,47999.7,52566.57,74617.0,74557.40000000001
Honor,Magic3 Pro,213.0,8.0,13.0,50.0,Qualcomm Snapdragon 888+,4600.0,6.76,189999.0,74999.0,5499.0,1099.0,3999.0,2021,56999.7,62853.57,91217.0,90377.40000000001
Honor,Magic3 Pro+,236.0,12.0,13.0,50.0,Qualcomm Snapdragon 888+,4600.0,6.76,219999.0,84999.0,6499.0,1299.0,4599.0,2021,65999.7,74283.56999999999,107817.0,103937.40000000001
Honor,60,179.0,8.0,32.0,108.0,Qualcomm Snapdragon 778G,4800.0,6.67,99999.0,41999.0,2699.0,549.0,2049.0,2021,29999.699999999997,30849.57,45567.0,46307.4
Honor,60 Pro,192.0,8.0,50.0,108.0,Qualcomm Snapdragon 778G+,4800.0,6.78,124999.0,49999.0,3699.0,649.0,2599.0,2021,37499.7,42279.57,53867.0,58737.4
Honor,60 SE,191.0,8.0,16.0,64.0,MediaTek Dimensity 900,4300.0,6.67,74999.0,29999.0,2399.0,449.0,1699.0,2021,22499.7,27420.57,37267.0,38397.4
Honor,X30,189.0,6.0,16.0,48.0,Qualcomm Snapdragon 695,4800.0,6.81,69999.0,27999.0,2099.0,379.0,1299.0,2021,20999.7,23991.57,31457.0,29357.4
Honor,X30i,175.0,6.0,16.0,48.0,MediaTek Dimensity 810,4000.0,6.7,54999.0,22999.0,1799.0,299.0,1099.0,2021,16499.7,20562.57,24817.0,24837.4
Honor,X30 Max,228.0,8.0,8.0,64.0,MediaTek Dimensity 900,5000.0,7.09,89999.0,35999.0,2399.0,499.0,1899.0,2021,26999.7,27420.57,41417.0,42917.4
Honor,Play 6,190.0,6.0,5.0,13.0,MediaTek MT6762G Helio G25,5000.0,6.52,29999.0,12999.0,1199.0,179.0,699.0,2022,8999.699999999999,13704.57,14857.0,15797.400000000001
Honor,Play 6T,198.0,6.0,5.0,13.0,MediaTek Dimensity 700,5000.0,6.74,39999.0,16999.0,1499.0,229.0,799.0,2022,11999.699999999999,17133.57,19007.0,18057.4
Honor,Magic4,199.0,8.0,12.0,50.0,Qualcomm Snapdragon 8 Gen 1,4800.0,6.81,179999.0,72999.0,4699.0,899.0,3299.0,2022,53999.7,53709.57,74617.0,74557.40000000001
Honor,Magic4 Pro,215.0,8.0,12.0,50.0,Qualcomm Snapdragon 8 Gen 1,4600.0,6.81,209999.0,84999.0,5499.0,1099.0,3999.0,2022,62999.7,62853.57,91217.0,90377.40000000001
Honor,Magic4 Ultimate,242.0,12.0,12.0,50.0,Qualcomm Snapdragon 8 Gen 1,4600.0,6.81,249999.0,99999.0,6799.0,1299.0,4599.0,2022,74999.7,77712.56999999999,107817.0,103937.40000000001
Honor,Magic V,288.0,12.0,42.0,50.0,Qualcomm Snapdragon 8 Gen 1,4750.0,7.9,349999.0,149999.0,9999.0,1799.0,6599.0,2022,104999.7,114288.56999999999,149317.0,149137.40000000002
Honor,70,178.0,8.0,32.0,54.0,Qualcomm Snapdragon 778G+,4800.0,6.67,119999.0,46999.0,2699.0,549.0,2099.0,2022,35999.7,30849.57,45567.0,47437.4
Honor,70 Pro,192.0,8.0,50.0,54.0,MediaTek Dimensity 8000,4500.0,6.78,149999.0,59999.0,3699.0,699.0,2699.0,2022,44999.7,42279.57,58017.0,60997.4
Honor,70 Pro+,209.0,12.0,50.0,54.0,MediaTek Dimensity 9000,4500.0,6.78,179999.0,69999.0,4299.0,799.0,3199.0,2022,53999.7,49137.57,66317.0,72297.40000000001
Honor,X40,172.0,6.0,8.0,50.0,Qualcomm Snapdragon 695,5100.0,6.67,64999.0,26999.0,1499.0,299.0,1099.0,2022,19499.7,17133.57,24817.0,24837.4
Honor,X40i,175.0,6.0,8.0,50.0,MediaTek Dimensity 700,4000.0,6.7,49999.0,22999.0,1799.0,279.0,999.0,2022,14999.699999999999,20562.57,23157.0,22577.4
Honor,Play 7,196.0,4.0,5.0,13.0,MediaTek Helio G37,5200.0,6.74,29999.0,12499.0,1099.0,159.0,599.0,2023,8999.699999999999,12561.57,13197.0,13537.400000000001
Honor,Play 7T,199.0,6.0,5.0,13.0,MediaTek Dimensity 6020,5200.0,6.74,34999.0,14999.0,1299.0,199.0,749.0,2023,10499.699999999999,14847.57,16517.0,16927.4
Honor,Magic5,204.0,8.0,12.0,50.0,Qualcomm Snapdragon 8 Gen 2,5100.0,6.81,199999.0,79999.0,4999.0,999.0,3599.0,2023,59999.7,57138.57,82917.0,81337.40000000001
Honor,Magic5 Pro,219.0,12.0,12.0,50.0,Qualcomm Snapdragon 8 Gen 2,5100.0,6.81,249999.0,99999.0,6199.0,1199.0,4399.0,2023,74999.7,70854.56999999999,99517.0,99417.40000000001
Honor,Magic5 Ultimate,234.0,16.0,12.0,50.0,Qualcomm Snapdragon 8 Gen 2,5450.0,6.81,299999.0,119999.0,7499.0,1399.0,5199.0,2023,89999.7,85713.56999999999,116117.0,117497.40000000001
Honor,Magic Vs,267.0,12.0,16.0,50.0,Qualcomm Snapdragon 8+ Gen 1,5000.0,7.9,369999.0,149999.0,9999.0,1699.0,6199.0,2023,110999.7,114288.56999999999,141017.0,140097.40000000002
Honor,80,180.0,8.0,32.0,160.0,Qualcomm Snapdragon 782G,4800.0,6.67,119999.0,46999.0,2699.0,549.0,2099.0,2022,35999.7,30849.57,45567.0,47437.4
Honor,80 Pro,193.0,12.0,50.0,160.0,Qualcomm Snapdragon 8+ Gen 1,4800.0,6.78,169999.0,69999.0,4199.0,799.0,3099.0,2022,50999.7,47994.57,66317.0,70037.40000000001
Honor,80 SE,175.0,8.0,32.0,64.0,MediaTek Dimensity 900,4600.0,6.67,84999.0,34999.0,1999.0,399.0,1599.0,2022,25499.7,22848.57,33117.0,36137.4
Honor,X50,185.0,6.0,8.0,108.0,Qualcomm Snapdragon 6 Gen 1,5800.0,6.78,74999.0,28999.0,1599.0,299.0,1099.0,2023,22499.7,18276.57,24817.0,24837.4
Honor,X50i,179.0,6.0,8.0,100.0,MediaTek Dimensity 6020,4500.0,6.7,54999.0,21999.0,1399.0,249.0,899.0,2023,16499.7,15990.57,20667.0,20317.4
Honor,Play 8,191.0,4.0,5.0,13.0,MediaTek Helio G36,5000.0,6.52,27999.0,11499.0,999.0,149.0,549.0,2023,8399.699999999999,11418.57,12367.0,12407.400000000001
Honor,Play 8T,195.0,6.0,5.0,50.0,MediaTek Dimensity 6100+,5200.0,6.74,32999.0,13999.0,1199.0,189.0,699.0,2023,9899.699999999999,13704.57,15687.0,15797.400000000001
Honor,Magic6,203.0,8.0,12.0,50.0,Qualcomm Snapdragon 8 Gen 3,5200.0,6.81,219999.0,89999.0,5499.0,1099.0,3999.0,2024,65999.7,62853.57,91217.0,90377.40000000001
Honor,Magic6 Pro,219.0,12.0,12.0,50.0,Qualcomm Snapdragon 8 Gen 3,5500.0,6.81,269999.0,109999.0,6999.0,1299.0,4699.0,2024,80999.7,79998.56999999999,107817.0,106197.40000000001
Honor,Magic6 Ultimate,234.0,16.0,12.0,50.0,Qualcomm Snapdragon 8 Gen 3,5550.0,6.81,319999.0,129999.0,8199.0,1499.0,5499.0,2024,95999.7,93714.56999999999,124417.0,124277.40000000001
Honor,Magic V2,231.0,12.0,16.0,50.0,Qualcomm Snapdragon 8 Gen 2,5000.0,7.92,389999.0,159999.0,10999.0,1899.0,6999.0,2024,116999.7,125718.56999999999,157617.0,158177.40000000002
Honor,90,183.0,12.0,50.0,200.0,Qualcomm Snapdragon 7 Gen 1,5000.0,6.7,139999.0,54999.0,2999.0,599.0,2199.0,2023,41999.7,34278.57,49717.0,49697.4
Honor,90 Pro,192.0,12.0,50.0,200.0,Qualcomm Snapdragon 8+ Gen 1,5000.0,6.78,169999.0,64999.0,3999.0,699.0,2799.0,2023,50999.7,45708.57,58017.0,63257.4
Honor,90 SE,175.0,8.0,32.0,64.0,MediaTek Dimensity 900,4600.0,6.67,84999.0,34999.0,1999.0,399.0,1599.0,2023,25499.7,22848.57,33117.0,36137.4
Honor,X60,185.0,6.0,8.0,108.0,Qualcomm Snapdragon 6 Gen 1,5800.0,6.78,74999.0,28999.0,1599.0,299.0,1099.0,2023,22499.7,18276.57,24817.0,24837.4
Honor,X60i,179.0,6.0,8.0,100.0,MediaTek Dimensity 6020,4500.0,6.7,54999.0,21999.0,1399.0,249.0,899.0,2023,16499.7,15990.57,20667.0,20317.4
Honor,Play 9,191.0,4.0,5.0,13.0,MediaTek Helio G36,5000.0,6.52,27999.0,11499.0,999.0,149.0,549.0,2023,8399.699999999999,11418.57,12367.0,12407.400000000001
Honor,Play 9T,195.0,6.0,5.0,50.0,MediaTek Dimensity 6100+,5200.0,6.74,32999.0,13999.0,1199.0,189.0,699.0,2023,9899.699999999999,13704.57,15687.0,15797.400000000001
Honor,Magic7,203.0,8.0,12.0,50.0,Qualcomm Snapdragon 8 Gen 3,5200.0,6.81,219999.0,89999.0,5499.0,1099.0,3999.0,2024,65999.7,62853.57,91217.0,90377.40000000001
Honor,Magic7 Pro,219.0,12.0,12.0,50.0,Qualcomm Snapdragon 8 Gen 3,5500.0,6.81,269999.0,109999.0,6999.0,1299.0,4699.0,2024,80999.7,79998.56999999999,107817.0,106197.40000000001
Honor,Magic7 Ultimate,234.0,16.0,12.0,50.0,Qualcomm Snapdragon 8 Gen 3,5550.0,6.81,319999.0,129999.0,8199.0,1499.0,5499.0,2024,95999.7,93714.56999999999,124417.0,124277.40000000001
Honor,Magic V3,231.0,12.0,16.0,50.0,Qualcomm Snapdragon 8 Gen 2,5000.0,7.92,389999.0,159999.0,10999.0,1899.0,6999.0,2024,116999.7,125718.56999999999,157617.0,158177.40000000002
Honor,Pad 6,460.0,4.0,2.0,5.0,Qualcomm Snapdragon 662,5100.0,10.1,49999.0,17999.0,1299.0,199.0,749.0,2020,14999.699999999999,14847.57,16517.0,16927.4
Honor,Pad X6,460.0,3.0,2.0,5.0,MediaTek MT8768T,5100.0,9.7,39999.0,14999.0,999.0,159.0,599.0,2020,11999.699999999999,11418.57,13197.0,13537.400000000001
Honor,Pad 7,460.0,4.0,2.0,5.0,MediaTek Helio G80,5100.0,10.1,54999.0,19999.0,1399.0,229.0,849.0,2021,16499.7,15990.57,19007.0,19187.4
Honor,Tablet V7,480.0,6.0,8.0,13.0,MediaTek Dimensity 800,7250.0,10.4,84999.0,34999.0,2199.0,399.0,1499.0,2021,25499.7,25134.57,33117.0,33877.4
Honor,Tablet V7 Pro,485.0,8.0,8.0,13.0,MediaTek Dimensity 1300T,7250.0,11.0,109999.0,44999.0,2899.0,499.0,1799.0,2021,32999.7,33135.57,41417.0,40657.4
Honor,Pad 8,520.0,6.0,5.0,5.0,Qualcomm Snapdragon 680,7250.0,12.0,69999.0,24999.0,1599.0,299.0,1099.0,2022,20999.7,18276.57,24817.0,24837.4
Honor,Pad X8,460.0,4.0,2.0,5.0,MediaTek Helio G80,5100.0,10.1,44999.0,16999.0,1199.0,189.0,699.0,2022,13499.699999999999,13704.57,15687.0,15797.400000000001
Honor,Pad X8 Lite,450.0,3.0,2.0,5.0,MediaTek MT8786,5000.0,9.7,34999.0,12999.0,999.0,149.0,549.0,2022,10499.699999999999,11418.57,12367.0,12407.400000000001
Honor,Pad V8,510.0,6.0,5.0,13.0,MediaTek Dimensity 8020,7250.0,11.0,94999.0,39999.0,2499.0,449.0,1599.0,2023,28499.7,28563.57,37267.0,36137.4
Honor,Pad V8 Pro,530.0,8.0,8.0,13.0,MediaTek Dimensity 9000,8500.0,12.1,129999.0,54999.0,3599.0,649.0,2299.0,2023,38999.7,41136.57,53867.0,51957.4
Honor,Pad 9,550.0,8.0,8.0,13.0,Qualcomm Snapdragon 6 Gen 1,8300.0,12.1,84999.0,34999.0,2299.0,399.0,1499.0,2024,25499.7,26277.57,33117.0,33877.4
Honor,Pad 9 Pro,560.0,12.0,8.0,13.0,MediaTek Dimensity 8100,9000.0,12.6,109999.0,44999.0,2999.0,499.0,1799.0,2024,32999.7,34278.57,41417.0,40657.4
Honor,Pad X9,495.0,6.0,5.0,8.0,Qualcomm Snapdragon 685,7250.0,11.5,59999.0,22999.0,1599.0,299.0,1099.0,2023,17999.7,18276.57,24817.0,24837.4
Honor,Pad X8 Pro,460.0,4.0,2.0,5.0,MediaTek Helio G80,5100.0,10.1,44999.0,16999.0,1199.0,189.0,699.0,2023,13499.699999999999,13704.57,15687.0,15797.400000000001
Honor,MagicPad 13,590.0,12.0,8.0,13.0,Qualcomm Snapdragon 8+ Gen 1,10000.0,13.0,149999.0,64999.0,3999.0,799.0,2999.0,2023,44999.7,45708.57,66317.0,67777.40000000001
Honor,MagicPad 2,580.0,16.0,12.0,16.0,Qualcomm Snapdragon 8 Gen 2,10500.0,13.2,179999.0,74999.0,4499.0,899.0,3299.0,2024,53999.7,51423.57,74617.0,74557.40000000001
Honor,Pad X8a,450.0,4.0,2.0,5.0,MediaTek MT8786,5000.0,9.7,34999.0,12999.0,999.0,149.0,549.0,2023,10499.699999999999,11418.57,12367.0,12407.400000000001
Honor,Pad X8a Kids Edition,460.0,3.0,2.0,5.0,MediaTek MT8786,5100.0,9.7,29999.0,10999.0,799.0,129.0,499.0,2023,8999.699999999999,9132.57,10707.0,11277.400000000001
Honor,Pad X9 Pro,505.0,8.0,8.0,13.0,Qualcomm Snapdragon 7s Gen 2,8000.0,11.6,79999.0,29999.0,2199.0,399.0,1499.0,2024,23999.7,25134.57,33117.0,33877.4
Honor,Pad V9,530.0,8.0,8.0,13.0,MediaTek Dimensity 9000,8500.0,12.1,129999.0,54999.0,3599.0,649.0,2299.0,2024,38999.7,41136.57,53867.0,51957.4
Honor,Pad GT Pro,610.0,12.0,12.0,16.0,Qualcomm Snapdragon 8 Gen 3,10500.0,13.5,199999.0,84999.0,4999.0,999.0,3799.0,2024,59999.7,57138.57,82917.0,85857.40000000001
Honor,Pad X10,475.0,6.0,5.0,8.0,Qualcomm Snapdragon 685,8850.0,12.1,74999.0,29999.0,2299.0,399.0,1499.0,2024,22499.7,26277.57,33117.0,33877.4
Honor,Pad X10 Pro,485.0,8.0,8.0,13.0,Qualcomm Snapdragon 7s Gen 2,9000.0,12.6,94999.0,39999.0,2999.0,499.0,1799.0,2024,28499.7,34278.57,41417.0,40657.4
Honor,MagicPad 3,590.0,12.0,12.0,16.0,Qualcomm Snapdragon 8 Gen 3,10500.0,13.0,149999.0,64999.0,3999.0,799.0,2999.0,2024,44999.7,45708.57,66317.0,67777.40000000001
Honor,Pad V10,530.0,8.0,8.0,13.0,MediaTek Dimensity 9000,8500.0,12.1,129999.0,54999.0,3599.0,649.0,2299.0,2024,38999.7,41136.57,53867.0,51957.4
POCO,F2 Pro 128GB,219.0,6.0,20.0,64.0,Snapdragon 865,4700.0,6.67,99999.0,37999.0,2999.0,499.0,1999.0,2020,29999.699999999997,34278.57,41417.0,45177.4
POCO,M2 Pro 64GB,209.0,4.0,16.0,48.0,Snapdragon 720G,5000.0,6.67,34999.0,13999.0,1399.0,199.0,799.0,2020,10499.699999999999,15990.57,16517.0,18057.4
POCO,X3 NFC 128GB,215.0,6.0,20.0,64.0,Snapdragon 732G,5160.0,6.67,39999.0,16999.0,1599.0,229.0,899.0,2020,11999.699999999999,18276.57,19007.0,20317.4
POCO,M3 64GB,198.0,4.0,8.0,48.0,Snapdragon 662,6000.0,6.53,24999.0,10999.0,999.0,149.0,599.0,2020,7499.7,11418.57,12367.0,13537.400000000001
POCO,F3 128GB,196.0,6.0,20.0,48.0,Snapdragon 870,4520.0,6.67,69999.0,29999.0,2499.0,349.0,1399.0,2021,20999.7,28563.57,28967.0,31617.4
POCO,X3 Pro 128GB,215.0,6.0,20.0,48.0,Snapdragon 860,5160.0,6.67,49999.0,18999.0,1799.0,249.0,999.0,2021,14999.699999999999,20562.57,20667.0,22577.4
POCO,M3 Pro 5G 64GB,190.0,4.0,8.0,48.0,MediaTek Dimensity 700,5000.0,6.5,29999.0,13999.0,1199.0,199.0,799.0,2021,8999.699999999999,13704.57,16517.0,18057.4
POCO,F3 GT 128GB,205.0,6.0,16.0,64.0,MediaTek Dimensity 1200,5065.0,6.67,79999.0,25999.0,2299.0,399.0,1499.0,2021,23999.7,26277.57,33117.0,33877.4
POCO,X3 GT 128GB,193.0,6.0,16.0,64.0,MediaTek Dimensity 1100,5000.0,6.6,44999.0,21999.0,1899.0,279.0,1099.0,2021,13499.699999999999,21705.57,23157.0,24837.4
POCO,M4 Pro 5G 128GB,195.0,4.0,16.0,50.0,MediaTek Dimensity 810,5000.0,6.6,34999.0,14999.0,1499.0,219.0,849.0,2021,10499.699999999999,17133.57,18177.0,19187.4
POCO,F4 128GB,195.0,6.0,20.0,64.0,Snapdragon 870,4500.0,6.67,74999.0,27999.0,2399.0,349.0,1399.0,2022,22499.7,27420.57,28967.0,31617.4
POCO,F4 GT 128GB,210.0,8.0,20.0,64.0,Snapdragon 8 Gen 1,4700.0,6.67,99999.0,39999.0,3299.0,499.0,1999.0,2022,29999.699999999997,37707.57,41417.0,45177.4
POCO,X4 Pro 5G 128GB,205.0,6.0,16.0,108.0,Snapdragon 695,5000.0,6.67,54999.0,18999.0,1999.0,299.0,1199.0,2022,16499.7,22848.57,24817.0,27097.4
POCO,M4 Pro 128GB,179.0,6.0,16.0,64.0,MediaTek Helio G96,5000.0,6.43,39999.0,14999.0,1499.0,219.0,849.0,2022,11999.699999999999,17133.57,18177.0,19187.4
POCO,M5 128GB,201.0,4.0,5.0,50.0,MediaTek Helio G99,5000.0,6.58,29999.0,12499.0,1299.0,199.0,799.0,2022,8999.699999999999,14847.57,16517.0,18057.4
POCO,M5s 128GB,178.8,4.0,13.0,64.0,MediaTek Helio G95,5000.0,6.43,34999.0,13999.0,1399.0,229.0,899.0,2022,10499.699999999999,15990.57,19007.0,20317.4
POCO,F5 128GB,181.0,6.0,16.0,64.0,Snapdragon 7+ Gen 2,5000.0,6.67,79999.0,29999.0,2299.0,349.0,1299.0,2023,23999.7,26277.57,28967.0,29357.4
POCO,F5 Pro 256GB,204.0,8.0,20.0,64.0,Snapdragon 8+ Gen 1,5160.0,6.67,99999.0,39999.0,3299.0,499.0,1899.0,2023,29999.699999999997,37707.57,41417.0,42917.4
POCO,X5 128GB,189.0,6.0,13.0,48.0,Snapdragon 695,5000.0,6.67,54999.0,18999.0,1799.0,279.0,1099.0,2023,16499.7,20562.57,23157.0,24837.4
POCO,X5 Pro 128GB,181.0,6.0,16.0,108.0,Snapdragon 778G,5000.0,6.67,64999.0,22999.0,2199.0,329.0,1199.0,2023,19499.7,25134.57,27307.0,27097.4
POCO,M6 64GB,199.0,4.0,8.0,50.0,MediaTek Helio G88,5000.0,6.58,29999.0,12999.0,1299.0,199.0,799.0,2023,8999.699999999999,14847.57,16517.0,18057.4
POCO,M6 Pro 128GB,202.0,6.0,8.0,50.0,Snapdragon 4 Gen 1,5000.0,6.79,34999.0,14999.0,1499.0,219.0,849.0,2023,10499.699999999999,17133.57,18177.0,19187.4
POCO,X6 128GB,193.0,6.0,16.0,64.0,MediaTek Dimensity 8100,5000.0,6.67,59999.0,21999.0,2299.0,349.0,1299.0,2024,17999.7,26277.57,28967.0,29357.4
POCO,X6 Pro 256GB,205.0,8.0,20.0,108.0,MediaTek Dimensity 8300,5000.0,6.67,69999.0,24999.0,2599.0,399.0,1499.0,2024,20999.7,29706.57,33117.0,33877.4
POCO,F6 128GB,190.0,6.0,20.0,64.0,Snapdragon 8 Gen 2,5000.0,6.67,89999.0,34999.0,2999.0,449.0,1699.0,2024,26999.7,34278.57,37267.0,38397.4
POCO,F6 Pro 256GB,210.0,8.0,20.0,108.0,Snapdragon 8+ Gen 2,5160.0,6.67,109999.0,44999.0,3499.0,549.0,1999.0,2024,32999.7,39993.57,45567.0,45177.4
POCO,C65 64GB,190.0,4.0,5.0,50.0,MediaTek Helio G85,5000.0,6.5,24999.0,10999.0,999.0,149.0,599.0,2024,7499.7,11418.57,12367.0,13537.400000000001
POCO,X7 128GB,195.0,6.0,16.0,64.0,MediaTek Dimensity 8200,5000.0,6.67,64999.0,22999.0,2199.0,329.0,1199.0,2025,19499.7,25134.57,27307.0,27097.4
POCO,X7 Pro 256GB,207.0,8.0,20.0,108.0,MediaTek Dimensity 8400,6000.0,6.67,79999.0,27999.0,2699.0,399.0,1499.0,2025,23999.7,30849.57,33117.0,33877.4
POCO,M7 5G 128GB,198.0,6.0,8.0,50.0,MediaTek Dimensity 7025,5110.0,6.67,39999.0,15999.0,1599.0,229.0,899.0,2024,11999.699999999999,18276.57,19007.0,20317.4
Poco,Pad 5G 128GB,571.0,8.0,8.0,8.0,Snapdragon 7s Gen 2,10000.0,12.1,66220.0,23999.0,2099.0,280.0,1029.0,2024,19866.0,23991.57,23240.0,23255.4
Poco,Pad 5G 256GB,571.0,8.0,8.0,8.0,Snapdragon 7s Gen 2,10000.0,12.1,71220.0,25999.0,2299.0,300.0,1099.0,2024,21366.0,26277.57,24900.0,24837.4
Samsung,Galaxy Z Fold6 256GB,239.0,12.0,104.0,50.0,Snapdragon 8 Gen 3,4400.0,7.6,604999.0,164999.0,13999.0,1899.0,7199.0,2024,181499.69999999998,160008.57,157617.0,162697.40000000002
Samsung,Galaxy Z Fold6 512GB,239.0,12.0,104.0,50.0,Snapdragon 8 Gen 3,4400.0,7.6,544999.0,176999.0,15999.0,1719.0,7699.0,2024,163499.69999999998,182868.57,142677.0,173997.40000000002
Samsung,Galaxy Z Fold6 1TB,239.0,12.0,104.0,50.0,Snapdragon 8 Gen 3,4400.0,7.6,0.0,200999.0,17999.0,2259.0,8699.0,2024,0.0,205728.57,187497.0,196597.40000000002
